2026-07-03 22:06:34 [INFO] ==============================================
2026-07-03 22:06:34 [INFO] HTTP Method : GET
2026-07-03 22:06:34 [INFO] Request URL : https://reqres.in/api/users/2
2026-07-03 22:06:35 [INFO] Response Status : 200
2026-07-03 22:06:35 [INFO] Response Body :
{
  "data": {
    "id": 2,
    "email": "janet.weaver@reqres.in",
    "first_name": "Janet",
    "last_name": "Weaver",
    "avatar": "https://reqres.in/img/faces/2-image.jpg"
  },
  "support": {
    "url": "https://benhowdle.im/first-cto-playbook?utm_source=reqres&utm_medium=json&utm_campaign=referral",
    "text": "Become a better CTO. A playbook of painful stories and practical advice from a two-time startup CTO."
  },
  "_meta": {
    "powered_by": "ReqRes",
    "docs_url": "https://app.reqres.in/documentation",
    "upgrade_url": "https://app.reqres.in/upgrade",
    "example_url": "https://app.reqres.in/examples/notes-app",
    "variant": "v1_b",
    "message": "This is a read-only demo endpoint. Sign up to create your own collections with full CRUD and auth.",
    "cta": {
      "label": "Get started",
      "url": "https://app.reqres.in/upgrade"
    },
    "context": "legacy_success"
  }
}
2026-07-03 22:06:35 [INFO] API Execution Completed.
2026-07-03 22:06:35 [INFO] ==============================================
2026-07-03 22:06:35 [INFO] ==============================================
2026-07-03 22:06:35 [INFO] HTTP Method : POST
2026-07-03 22:06:35 [INFO] Request URL : https://reqres.in/api/users
2026-07-03 22:06:35 [INFO] Request Body :
{
  "name": "Judy_1783096595249",
  "job": "Lead Markets Architect"
}
2026-07-03 22:06:35 [INFO] Response Status : 201
2026-07-03 22:06:35 [INFO] Response Body :
{
  "name": "Judy_1783096595249",
  "job": "Lead Markets Architect",
  "id": "222",
  "createdAt": "2026-07-03T16:36:35.528Z",
  "_meta": {
    "powered_by": "ReqRes",
    "docs_url": "https://app.reqres.in/documentation",
    "upgrade_url": "https://app.reqres.in/upgrade",
    "example_url": "https://app.reqres.in/examples/notes-app",
    "variant": "v1_b",
    "message": "This is a read-only demo endpoint. Sign up to create your own collections with full CRUD and auth.",
    "cta": {
      "label": "Get started",
      "url": "https://app.reqres.in/upgrade"
    },
    "context": "legacy_success"
  }
}
2026-07-03 22:06:35 [INFO] API Execution Completed.
2026-07-03 22:06:35 [INFO] ==============================================
2026-07-03 22:06:35 [INFO] ==============================================
2026-07-03 22:06:35 [INFO] HTTP Method : PUT
2026-07-03 22:06:35 [INFO] Request URL : https://reqres.in/api/users/2
2026-07-03 22:06:35 [INFO] Request Body :
{
  "name": "Viola_1783096595674",
  "job": "Global Interactions Executive"
}
2026-07-03 22:06:35 [INFO] Response Status : 200
2026-07-03 22:06:35 [INFO] Response Body :
{
  "name": "Viola_1783096595674",
  "job": "Global Interactions Executive",
  "updatedAt": "2026-07-03T16:36:35.770Z",
  "_meta": {
    "powered_by": "ReqRes",
    "docs_url": "https://app.reqres.in/documentation",
    "upgrade_url": "https://app.reqres.in/upgrade",
    "example_url": "https://app.reqres.in/examples/notes-app",
    "variant": "v1_b",
    "message": "This is a read-only demo endpoint. Sign up to create your own collections with full CRUD and auth.",
    "cta": {
      "label": "Get started",
      "url": "https://app.reqres.in/upgrade"
    },
    "context": "legacy_success"
  }
}
2026-07-03 22:06:35 [INFO] API Execution Completed.
2026-07-03 22:06:35 [INFO] ==============================================
2026-07-03 22:06:35 [INFO] ==============================================
2026-07-03 22:06:35 [INFO] HTTP Method : DELETE
2026-07-03 22:06:35 [INFO] Request URL : https://reqres.in/api/users/2
2026-07-03 22:06:36 [WARN] Response Body : No JSON response returned.
2026-07-03 22:06:36 [INFO] API Execution Completed.
2026-07-03 22:06:36 [INFO] ==============================================
2026-07-03 22:08:53 [INFO] ==============================================
2026-07-03 22:08:53 [INFO] HTTP Method : GET
2026-07-03 22:08:53 [INFO] Request URL : https://reqres.in/api/users/2
2026-07-03 22:08:53 [INFO] Response Status : 200
2026-07-03 22:08:53 [INFO] Response Body :
{
  "data": {
    "id": 2,
    "email": "janet.weaver@reqres.in",
    "first_name": "Janet",
    "last_name": "Weaver",
    "avatar": "https://reqres.in/img/faces/2-image.jpg"
  },
  "support": {
    "url": "https://benhowdle.im/first-cto-playbook?utm_source=reqres&utm_medium=json&utm_campaign=referral",
    "text": "Become a better CTO. A playbook of painful stories and practical advice from a two-time startup CTO."
  },
  "_meta": {
    "powered_by": "ReqRes",
    "docs_url": "https://app.reqres.in/documentation",
    "upgrade_url": "https://app.reqres.in/upgrade",
    "example_url": "https://app.reqres.in/examples/notes-app",
    "variant": "v1_b",
    "message": "This is a read-only demo endpoint. Sign up to create your own collections with full CRUD and auth.",
    "cta": {
      "label": "Get started",
      "url": "https://app.reqres.in/upgrade"
    },
    "context": "legacy_success"
  }
}
2026-07-03 22:08:53 [INFO] API Execution Completed.
2026-07-03 22:08:53 [INFO] ==============================================
2026-07-03 22:08:53 [INFO] ==============================================
2026-07-03 22:08:53 [INFO] HTTP Method : POST
2026-07-03 22:08:53 [INFO] Request URL : https://reqres.in/api/users
2026-07-03 22:08:53 [INFO] Request Body :
{
  "name": "Makenzie_1783096733818",
  "job": "Regional Marketing Orchestrator"
}
2026-07-03 22:08:53 [INFO] Response Status : 201
2026-07-03 22:08:53 [INFO] Response Body :
{
  "name": "Makenzie_1783096733818",
  "job": "Regional Marketing Orchestrator",
  "id": "592",
  "createdAt": "2026-07-03T16:38:53.908Z",
  "_meta": {
    "powered_by": "ReqRes",
    "docs_url": "https://app.reqres.in/documentation",
    "upgrade_url": "https://app.reqres.in/upgrade",
    "example_url": "https://app.reqres.in/examples/notes-app",
    "variant": "v1_b",
    "message": "This is a read-only demo endpoint. Sign up to create your own collections with full CRUD and auth.",
    "cta": {
      "label": "Get started",
      "url": "https://app.reqres.in/upgrade"
    },
    "context": "legacy_success"
  }
}
2026-07-03 22:08:53 [INFO] API Execution Completed.
2026-07-03 22:08:53 [INFO] ==============================================
2026-07-03 22:08:53 [INFO] ==============================================
2026-07-03 22:08:53 [INFO] HTTP Method : PUT
2026-07-03 22:08:53 [INFO] Request URL : https://reqres.in/api/users/2
2026-07-03 22:08:53 [INFO] Request Body :
{
  "name": "Betsy_1783096733994",
  "job": "Direct Factors Designer"
}
2026-07-03 22:08:54 [INFO] Response Status : 200
2026-07-03 22:08:54 [INFO] Response Body :
{
  "name": "Betsy_1783096733994",
  "job": "Direct Factors Designer",
  "updatedAt": "2026-07-03T16:38:54.083Z",
  "_meta": {
    "powered_by": "ReqRes",
    "docs_url": "https://app.reqres.in/documentation",
    "upgrade_url": "https://app.reqres.in/upgrade",
    "example_url": "https://app.reqres.in/examples/notes-app",
    "variant": "v1_b",
    "message": "This is a read-only demo endpoint. Sign up to create your own collections with full CRUD and auth.",
    "cta": {
      "label": "Get started",
      "url": "https://app.reqres.in/upgrade"
    },
    "context": "legacy_success"
  }
}
2026-07-03 22:08:54 [INFO] API Execution Completed.
2026-07-03 22:08:54 [INFO] ==============================================
2026-07-03 22:08:54 [INFO] ==============================================
2026-07-03 22:08:54 [INFO] HTTP Method : DELETE
2026-07-03 22:08:54 [INFO] Request URL : https://reqres.in/api/users/2
2026-07-03 22:08:54 [WARN] Response Body : No JSON response returned.
2026-07-03 22:08:54 [INFO] API Execution Completed.
2026-07-03 22:08:54 [INFO] ==============================================
2026-07-06 23:49:42 [INFO] ==============================================
2026-07-06 23:49:42 [INFO] HTTP Method : GET
2026-07-06 23:49:42 [INFO] Request URL : https://reqres.in/api/users/2
2026-07-06 23:49:43 [INFO] Response Status : 200
2026-07-06 23:49:43 [INFO] Response Body :
{
  "data": {
    "id": 2,
    "email": "janet.weaver@reqres.in",
    "first_name": "Janet",
    "last_name": "Weaver",
    "avatar": "https://reqres.in/img/faces/2-image.jpg"
  },
  "support": {
    "url": "https://benhowdle.im/first-cto-playbook?utm_source=reqres&utm_medium=json&utm_campaign=referral",
    "text": "Become a better CTO. A playbook of painful stories and practical advice from a two-time startup CTO."
  },
  "_meta": {
    "powered_by": "ReqRes",
    "docs_url": "https://app.reqres.in/documentation",
    "upgrade_url": "https://app.reqres.in/upgrade",
    "example_url": "https://app.reqres.in/examples/notes-app",
    "variant": "v1_b",
    "message": "This is a read-only demo endpoint. Sign up to create your own collections with full CRUD and auth.",
    "cta": {
      "label": "Get started",
      "url": "https://app.reqres.in/upgrade"
    },
    "context": "legacy_success"
  }
}
2026-07-06 23:49:43 [INFO] API Execution Completed.
2026-07-06 23:49:43 [INFO] ==============================================
2026-07-06 23:49:43 [INFO] ==============================================
2026-07-06 23:49:43 [INFO] HTTP Method : POST
2026-07-06 23:49:43 [INFO] Request URL : https://reqres.in/api/users
2026-07-06 23:49:43 [INFO] Request Body :
{
  "name": "Frederik_1783361983124",
  "job": "Customer Accountability Developer"
}
2026-07-06 23:49:43 [INFO] Response Status : 201
2026-07-06 23:49:43 [INFO] Response Body :
{
  "name": "Frederik_1783361983124",
  "job": "Customer Accountability Developer",
  "id": "934",
  "createdAt": "2026-07-06T18:19:43.474Z",
  "_meta": {
    "powered_by": "ReqRes",
    "docs_url": "https://app.reqres.in/documentation",
    "upgrade_url": "https://app.reqres.in/upgrade",
    "example_url": "https://app.reqres.in/examples/notes-app",
    "variant": "v1_b",
    "message": "This is a read-only demo endpoint. Sign up to create your own collections with full CRUD and auth.",
    "cta": {
      "label": "Get started",
      "url": "https://app.reqres.in/upgrade"
    },
    "context": "legacy_success"
  }
}
2026-07-06 23:49:43 [INFO] API Execution Completed.
2026-07-06 23:49:43 [INFO] ==============================================
2026-07-06 23:49:43 [INFO] ==============================================
2026-07-06 23:49:43 [INFO] HTTP Method : PUT
2026-07-06 23:49:43 [INFO] Request URL : https://reqres.in/api/users/2
2026-07-06 23:49:43 [INFO] Request Body :
{
  "name": "Harold_1783361983503",
  "job": "Investor Mobility Designer"
}
2026-07-06 23:49:43 [INFO] Response Status : 200
2026-07-06 23:49:43 [INFO] Response Body :
{
  "name": "Harold_1783361983503",
  "job": "Investor Mobility Designer",
  "updatedAt": "2026-07-06T18:19:43.656Z",
  "_meta": {
    "powered_by": "ReqRes",
    "docs_url": "https://app.reqres.in/documentation",
    "upgrade_url": "https://app.reqres.in/upgrade",
    "example_url": "https://app.reqres.in/examples/notes-app",
    "variant": "v1_b",
    "message": "This is a read-only demo endpoint. Sign up to create your own collections with full CRUD and auth.",
    "cta": {
      "label": "Get started",
      "url": "https://app.reqres.in/upgrade"
    },
    "context": "legacy_success"
  }
}
2026-07-06 23:49:43 [INFO] API Execution Completed.
2026-07-06 23:49:43 [INFO] ==============================================
2026-07-06 23:49:43 [INFO] ==============================================
2026-07-06 23:49:43 [INFO] HTTP Method : DELETE
2026-07-06 23:49:43 [INFO] Request URL : https://reqres.in/api/users/2
2026-07-06 23:49:43 [WARN] Response Body : No JSON response returned.
2026-07-06 23:49:43 [INFO] API Execution Completed.
2026-07-06 23:49:43 [INFO] ==============================================
2026-07-07 17:18:28 [INFO] ==============================================
2026-07-07 17:18:28 [INFO] HTTP Method : GET
2026-07-07 17:18:28 [INFO] Request URL : undefined/users/2
2026-07-07 17:18:28 [INFO] ==============================================
2026-07-07 17:18:28 [INFO] HTTP Method : POST
2026-07-07 17:18:28 [INFO] Request URL : undefined/users
2026-07-07 17:18:28 [INFO] Request Body :
{
  "name": "Blake_1783424908254",
  "job": "Human Implementation Producer"
}
2026-07-07 17:18:28 [INFO] ==============================================
2026-07-07 17:18:28 [INFO] HTTP Method : PUT
2026-07-07 17:18:28 [INFO] Request URL : undefined/users/2
2026-07-07 17:18:28 [INFO] Request Body :
{
  "name": "Mack_1783424908257",
  "job": "Principal Infrastructure Executive"
}
2026-07-07 17:18:28 [INFO] ==============================================
2026-07-07 17:18:28 [INFO] HTTP Method : DELETE
2026-07-07 17:18:28 [INFO] Request URL : undefined/users/2
2026-07-07 17:19:45 [INFO] ==============================================
2026-07-07 17:19:45 [INFO] HTTP Method : GET
2026-07-07 17:19:45 [INFO] Request URL : https://reqres.in/api/users/2
2026-07-07 17:19:45 [INFO] Response Status : 200
2026-07-07 17:19:45 [INFO] Response Body :
{
  "data": {
    "id": 2,
    "email": "janet.weaver@reqres.in",
    "first_name": "Janet",
    "last_name": "Weaver",
    "avatar": "https://reqres.in/img/faces/2-image.jpg"
  },
  "support": {
    "url": "https://benhowdle.im/first-cto-playbook?utm_source=reqres&utm_medium=json&utm_campaign=referral",
    "text": "Become a better CTO. A playbook of painful stories and practical advice from a two-time startup CTO."
  },
  "_meta": {
    "powered_by": "ReqRes",
    "docs_url": "https://app.reqres.in/documentation",
    "upgrade_url": "https://app.reqres.in/upgrade",
    "example_url": "https://app.reqres.in/examples/notes-app",
    "variant": "v1_b",
    "message": "This is a read-only demo endpoint. Sign up to create your own collections with full CRUD and auth.",
    "cta": {
      "label": "Get started",
      "url": "https://app.reqres.in/upgrade"
    },
    "context": "legacy_success"
  }
}
2026-07-07 17:19:45 [INFO] API Execution Completed.
2026-07-07 17:19:45 [INFO] ==============================================
2026-07-07 17:19:45 [INFO] ==============================================
2026-07-07 17:19:45 [INFO] HTTP Method : POST
2026-07-07 17:19:45 [INFO] Request URL : https://reqres.in/api/users
2026-07-07 17:19:45 [INFO] Request Body :
{
  "name": "Monica_1783424985924",
  "job": "Direct Interactions Liaison"
}
2026-07-07 17:19:46 [INFO] Response Status : 201
2026-07-07 17:19:46 [INFO] Response Body :
{
  "name": "Monica_1783424985924",
  "job": "Direct Interactions Liaison",
  "id": "578",
  "createdAt": "2026-07-07T11:49:46.196Z",
  "_meta": {
    "powered_by": "ReqRes",
    "docs_url": "https://app.reqres.in/documentation",
    "upgrade_url": "https://app.reqres.in/upgrade",
    "example_url": "https://app.reqres.in/examples/notes-app",
    "variant": "v1_b",
    "message": "This is a read-only demo endpoint. Sign up to create your own collections with full CRUD and auth.",
    "cta": {
      "label": "Get started",
      "url": "https://app.reqres.in/upgrade"
    },
    "context": "legacy_success"
  }
}
2026-07-07 17:19:46 [INFO] API Execution Completed.
2026-07-07 17:19:46 [INFO] ==============================================
2026-07-07 17:19:46 [INFO] ==============================================
2026-07-07 17:19:46 [INFO] HTTP Method : PUT
2026-07-07 17:19:46 [INFO] Request URL : https://reqres.in/api/users/2
2026-07-07 17:19:46 [INFO] Request Body :
{
  "name": "Lillian_1783424986342",
  "job": "Internal Security Designer"
}
2026-07-07 17:19:46 [INFO] Response Status : 200
2026-07-07 17:19:46 [INFO] Response Body :
{
  "name": "Lillian_1783424986342",
  "job": "Internal Security Designer",
  "updatedAt": "2026-07-07T11:49:46.539Z",
  "_meta": {
    "powered_by": "ReqRes",
    "docs_url": "https://app.reqres.in/documentation",
    "upgrade_url": "https://app.reqres.in/upgrade",
    "example_url": "https://app.reqres.in/examples/notes-app",
    "variant": "v1_b",
    "message": "This is a read-only demo endpoint. Sign up to create your own collections with full CRUD and auth.",
    "cta": {
      "label": "Get started",
      "url": "https://app.reqres.in/upgrade"
    },
    "context": "legacy_success"
  }
}
2026-07-07 17:19:46 [INFO] API Execution Completed.
2026-07-07 17:19:46 [INFO] ==============================================
2026-07-07 17:19:46 [INFO] ==============================================
2026-07-07 17:19:46 [INFO] HTTP Method : DELETE
2026-07-07 17:19:46 [INFO] Request URL : https://reqres.in/api/users/2
2026-07-07 17:19:46 [WARN] Response Body : No JSON response returned.
2026-07-07 17:19:46 [INFO] API Execution Completed.
2026-07-07 17:19:46 [INFO] ==============================================
2026-07-07 17:38:32 [INFO] ==============================================
2026-07-07 17:38:32 [INFO] HTTP Method : GET
2026-07-07 17:38:32 [INFO] Request URL : https://reqres.in/api/users/2
2026-07-07 17:38:33 [INFO] Response Status : 200
2026-07-07 17:38:33 [INFO] Response Body :
{
  "data": {
    "id": 2,
    "email": "janet.weaver@reqres.in",
    "first_name": "Janet",
    "last_name": "Weaver",
    "avatar": "https://reqres.in/img/faces/2-image.jpg"
  },
  "support": {
    "url": "https://benhowdle.im/first-cto-playbook?utm_source=reqres&utm_medium=json&utm_campaign=referral",
    "text": "Become a better CTO. A playbook of painful stories and practical advice from a two-time startup CTO."
  },
  "_meta": {
    "powered_by": "ReqRes",
    "docs_url": "https://app.reqres.in/documentation",
    "upgrade_url": "https://app.reqres.in/upgrade",
    "example_url": "https://app.reqres.in/examples/notes-app",
    "variant": "v1_b",
    "message": "This is a read-only demo endpoint. Sign up to create your own collections with full CRUD and auth.",
    "cta": {
      "label": "Get started",
      "url": "https://app.reqres.in/upgrade"
    },
    "context": "legacy_success"
  }
}
2026-07-07 17:38:33 [INFO] API Execution Completed.
2026-07-07 17:38:33 [INFO] ==============================================
2026-07-07 17:38:33 [INFO] ==============================================
2026-07-07 17:38:33 [INFO] HTTP Method : POST
2026-07-07 17:38:33 [INFO] Request URL : https://reqres.in/api/users
2026-07-07 17:38:33 [INFO] Request Body :
{
  "name": "Horace_1783426113593",
  "job": "Corporate Response Representative"
}
2026-07-07 17:38:34 [INFO] Response Status : 201
2026-07-07 17:38:34 [INFO] Response Body :
{
  "name": "Horace_1783426113593",
  "job": "Corporate Response Representative",
  "id": "402",
  "createdAt": "2026-07-07T12:08:34.044Z",
  "_meta": {
    "powered_by": "ReqRes",
    "docs_url": "https://app.reqres.in/documentation",
    "upgrade_url": "https://app.reqres.in/upgrade",
    "example_url": "https://app.reqres.in/examples/notes-app",
    "variant": "v1_b",
    "message": "This is a read-only demo endpoint. Sign up to create your own collections with full CRUD and auth.",
    "cta": {
      "label": "Get started",
      "url": "https://app.reqres.in/upgrade"
    },
    "context": "legacy_success"
  }
}
2026-07-07 17:38:34 [INFO] API Execution Completed.
2026-07-07 17:38:34 [INFO] ==============================================
2026-07-07 17:38:34 [INFO] ==============================================
2026-07-07 17:38:34 [INFO] HTTP Method : PUT
2026-07-07 17:38:34 [INFO] Request URL : https://reqres.in/api/users/2
2026-07-07 17:38:34 [INFO] Request Body :
{
  "name": "Tevin_1783426114106",
  "job": "Investor Tactics Engineer"
}
2026-07-07 17:38:34 [INFO] Response Status : 200
2026-07-07 17:38:34 [INFO] Response Body :
{
  "name": "Tevin_1783426114106",
  "job": "Investor Tactics Engineer",
  "updatedAt": "2026-07-07T12:08:34.211Z",
  "_meta": {
    "powered_by": "ReqRes",
    "docs_url": "https://app.reqres.in/documentation",
    "upgrade_url": "https://app.reqres.in/upgrade",
    "example_url": "https://app.reqres.in/examples/notes-app",
    "variant": "v1_b",
    "message": "This is a read-only demo endpoint. Sign up to create your own collections with full CRUD and auth.",
    "cta": {
      "label": "Get started",
      "url": "https://app.reqres.in/upgrade"
    },
    "context": "legacy_success"
  }
}
2026-07-07 17:38:34 [INFO] API Execution Completed.
2026-07-07 17:38:34 [INFO] ==============================================
2026-07-07 17:38:34 [INFO] ==============================================
2026-07-07 17:38:34 [INFO] HTTP Method : DELETE
2026-07-07 17:38:34 [INFO] Request URL : https://reqres.in/api/users/2
2026-07-07 17:38:34 [WARN] Response Body : No JSON response returned.
2026-07-07 17:38:34 [INFO] API Execution Completed.
2026-07-07 17:38:34 [INFO] ==============================================
2026-07-07 21:08:22 [INFO] ==============================================
2026-07-07 21:08:22 [INFO] HTTP Method : GET
2026-07-07 21:08:22 [INFO] Request URL : https://reqres.in/api/users/2
2026-07-07 21:08:22 [INFO] Response Status : 200
2026-07-07 21:08:22 [INFO] Response Body :
{
  "data": {
    "id": 2,
    "email": "janet.weaver@reqres.in",
    "first_name": "Janet",
    "last_name": "Weaver",
    "avatar": "https://reqres.in/img/faces/2-image.jpg"
  },
  "support": {
    "url": "https://benhowdle.im/first-cto-playbook?utm_source=reqres&utm_medium=json&utm_campaign=referral",
    "text": "Become a better CTO. A playbook of painful stories and practical advice from a two-time startup CTO."
  },
  "_meta": {
    "powered_by": "ReqRes",
    "docs_url": "https://app.reqres.in/documentation",
    "upgrade_url": "https://app.reqres.in/upgrade",
    "example_url": "https://app.reqres.in/examples/notes-app",
    "variant": "v1_b",
    "message": "This is a read-only demo endpoint. Sign up to create your own collections with full CRUD and auth.",
    "cta": {
      "label": "Get started",
      "url": "https://app.reqres.in/upgrade"
    },
    "context": "legacy_success"
  }
}
2026-07-07 21:08:22 [INFO] API Execution Completed.
2026-07-07 21:08:22 [INFO] ==============================================
2026-07-07 21:08:22 [INFO] ==============================================
2026-07-07 21:08:22 [INFO] HTTP Method : POST
2026-07-07 21:08:22 [INFO] Request URL : https://reqres.in/api/users
2026-07-07 21:08:22 [INFO] Request Body :
{
  "name": "Cody_1783438702707",
  "job": "Central Mobility Supervisor"
}
2026-07-07 21:08:23 [INFO] Response Status : 201
2026-07-07 21:08:23 [INFO] Response Body :
{
  "name": "Cody_1783438702707",
  "job": "Central Mobility Supervisor",
  "id": "488",
  "createdAt": "2026-07-07T15:38:23.095Z",
  "_meta": {
    "powered_by": "ReqRes",
    "docs_url": "https://app.reqres.in/documentation",
    "upgrade_url": "https://app.reqres.in/upgrade",
    "example_url": "https://app.reqres.in/examples/notes-app",
    "variant": "v1_b",
    "message": "This is a read-only demo endpoint. Sign up to create your own collections with full CRUD and auth.",
    "cta": {
      "label": "Get started",
      "url": "https://app.reqres.in/upgrade"
    },
    "context": "legacy_success"
  }
}
2026-07-07 21:08:23 [INFO] API Execution Completed.
2026-07-07 21:08:23 [INFO] ==============================================
2026-07-07 21:08:23 [INFO] ==============================================
2026-07-07 21:08:23 [INFO] HTTP Method : PUT
2026-07-07 21:08:23 [INFO] Request URL : https://reqres.in/api/users/2
2026-07-07 21:08:23 [INFO] Request Body :
{
  "name": "Clarence_1783438703082",
  "job": "Human Configuration Officer"
}
2026-07-07 21:08:23 [INFO] Response Status : 200
2026-07-07 21:08:23 [INFO] Response Body :
{
  "name": "Clarence_1783438703082",
  "job": "Human Configuration Officer",
  "updatedAt": "2026-07-07T15:38:23.284Z",
  "_meta": {
    "powered_by": "ReqRes",
    "docs_url": "https://app.reqres.in/documentation",
    "upgrade_url": "https://app.reqres.in/upgrade",
    "example_url": "https://app.reqres.in/examples/notes-app",
    "variant": "v1_b",
    "message": "This is a read-only demo endpoint. Sign up to create your own collections with full CRUD and auth.",
    "cta": {
      "label": "Get started",
      "url": "https://app.reqres.in/upgrade"
    },
    "context": "legacy_success"
  }
}
2026-07-07 21:08:23 [INFO] API Execution Completed.
2026-07-07 21:08:23 [INFO] ==============================================
2026-07-07 21:08:23 [INFO] ==============================================
2026-07-07 21:08:23 [INFO] HTTP Method : DELETE
2026-07-07 21:08:23 [INFO] Request URL : https://reqres.in/api/users/2
2026-07-07 21:08:23 [WARN] Response Body : No JSON response returned.
2026-07-07 21:08:23 [INFO] API Execution Completed.
2026-07-07 21:08:23 [INFO] ==============================================
2026-07-07 21:18:37 [INFO] ==============================================
2026-07-07 21:18:37 [INFO] HTTP Method : GET
2026-07-07 21:18:37 [INFO] Request URL : https://reqres.in/api/users/2
2026-07-07 21:18:38 [INFO] Response Status : 200
2026-07-07 21:18:38 [INFO] Response Body :
{
  "data": {
    "id": 2,
    "email": "janet.weaver@reqres.in",
    "first_name": "Janet",
    "last_name": "Weaver",
    "avatar": "https://reqres.in/img/faces/2-image.jpg"
  },
  "support": {
    "url": "https://benhowdle.im/first-cto-playbook?utm_source=reqres&utm_medium=json&utm_campaign=referral",
    "text": "Become a better CTO. A playbook of painful stories and practical advice from a two-time startup CTO."
  },
  "_meta": {
    "powered_by": "ReqRes",
    "docs_url": "https://app.reqres.in/documentation",
    "upgrade_url": "https://app.reqres.in/upgrade",
    "example_url": "https://app.reqres.in/examples/notes-app",
    "variant": "v1_b",
    "message": "This is a read-only demo endpoint. Sign up to create your own collections with full CRUD and auth.",
    "cta": {
      "label": "Get started",
      "url": "https://app.reqres.in/upgrade"
    },
    "context": "legacy_success"
  }
}
2026-07-07 21:18:38 [INFO] API Execution Completed.
2026-07-07 21:18:38 [INFO] ==============================================
2026-07-07 21:18:38 [INFO] ==============================================
2026-07-07 21:18:38 [INFO] HTTP Method : POST
2026-07-07 21:18:38 [INFO] Request URL : https://reqres.in/api/users
2026-07-07 21:18:38 [INFO] Request Body :
{
  "name": "Aric_1783439318483",
  "job": "Human Identity Facilitator"
}
2026-07-07 21:18:38 [INFO] Response Status : 201
2026-07-07 21:18:38 [INFO] Response Body :
{
  "name": "Aric_1783439318483",
  "job": "Human Identity Facilitator",
  "id": "747",
  "createdAt": "2026-07-07T15:48:38.891Z",
  "_meta": {
    "powered_by": "ReqRes",
    "docs_url": "https://app.reqres.in/documentation",
    "upgrade_url": "https://app.reqres.in/upgrade",
    "example_url": "https://app.reqres.in/examples/notes-app",
    "variant": "v1_b",
    "message": "This is a read-only demo endpoint. Sign up to create your own collections with full CRUD and auth.",
    "cta": {
      "label": "Get started",
      "url": "https://app.reqres.in/upgrade"
    },
    "context": "legacy_success"
  }
}
2026-07-07 21:18:38 [INFO] API Execution Completed.
2026-07-07 21:18:38 [INFO] ==============================================
2026-07-07 21:18:38 [INFO] ==============================================
2026-07-07 21:18:38 [INFO] HTTP Method : PUT
2026-07-07 21:18:38 [INFO] Request URL : https://reqres.in/api/users/2
2026-07-07 21:18:38 [INFO] Request Body :
{
  "name": "Howard_1783439318883",
  "job": "Lead Data Coordinator"
}
2026-07-07 21:18:39 [INFO] Response Status : 200
2026-07-07 21:18:39 [INFO] Response Body :
{
  "name": "Howard_1783439318883",
  "job": "Lead Data Coordinator",
  "updatedAt": "2026-07-07T15:48:39.105Z",
  "_meta": {
    "powered_by": "ReqRes",
    "docs_url": "https://app.reqres.in/documentation",
    "upgrade_url": "https://app.reqres.in/upgrade",
    "example_url": "https://app.reqres.in/examples/notes-app",
    "variant": "v1_b",
    "message": "This is a read-only demo endpoint. Sign up to create your own collections with full CRUD and auth.",
    "cta": {
      "label": "Get started",
      "url": "https://app.reqres.in/upgrade"
    },
    "context": "legacy_success"
  }
}
2026-07-07 21:18:39 [INFO] API Execution Completed.
2026-07-07 21:18:39 [INFO] ==============================================
2026-07-07 21:18:39 [INFO] ==============================================
2026-07-07 21:18:39 [INFO] HTTP Method : DELETE
2026-07-07 21:18:39 [INFO] Request URL : https://reqres.in/api/users/2
2026-07-07 21:18:39 [WARN] Response Body : No JSON response returned.
2026-07-07 21:18:39 [INFO] API Execution Completed.
2026-07-07 21:18:39 [INFO] ==============================================
2026-07-07 22:56:23 [INFO] ==============================================
2026-07-07 22:56:23 [INFO] HTTP Method : GET
2026-07-07 22:56:23 [INFO] Request URL : https://reqres.in/api/users/2
2026-07-07 22:56:24 [INFO] Response Status : 200
2026-07-07 22:56:24 [INFO] Response Body :
{
  "data": {
    "id": 2,
    "email": "janet.weaver@reqres.in",
    "first_name": "Janet",
    "last_name": "Weaver",
    "avatar": "https://reqres.in/img/faces/2-image.jpg"
  },
  "support": {
    "url": "https://benhowdle.im/first-cto-playbook?utm_source=reqres&utm_medium=json&utm_campaign=referral",
    "text": "Become a better CTO. A playbook of painful stories and practical advice from a two-time startup CTO."
  },
  "_meta": {
    "powered_by": "ReqRes",
    "docs_url": "https://app.reqres.in/documentation",
    "upgrade_url": "https://app.reqres.in/upgrade",
    "example_url": "https://app.reqres.in/examples/notes-app",
    "variant": "v1_b",
    "message": "This is a read-only demo endpoint. Sign up to create your own collections with full CRUD and auth.",
    "cta": {
      "label": "Get started",
      "url": "https://app.reqres.in/upgrade"
    },
    "context": "legacy_success"
  }
}
2026-07-07 22:56:24 [INFO] API Execution Completed.
2026-07-07 22:56:24 [INFO] ==============================================
2026-07-07 22:56:24 [INFO] ==============================================
2026-07-07 22:56:24 [INFO] HTTP Method : POST
2026-07-07 22:56:24 [INFO] Request URL : https://reqres.in/api/users
2026-07-07 22:56:24 [INFO] Request Body :
{
  "name": "Lia_1783445184290",
  "job": "Investor Research Associate"
}
2026-07-07 22:56:24 [INFO] Response Status : 201
2026-07-07 22:56:24 [INFO] Response Body :
{
  "name": "Lia_1783445184290",
  "job": "Investor Research Associate",
  "id": "135",
  "createdAt": "2026-07-07T17:26:24.625Z",
  "_meta": {
    "powered_by": "ReqRes",
    "docs_url": "https://app.reqres.in/documentation",
    "upgrade_url": "https://app.reqres.in/upgrade",
    "example_url": "https://app.reqres.in/examples/notes-app",
    "variant": "v1_b",
    "message": "This is a read-only demo endpoint. Sign up to create your own collections with full CRUD and auth.",
    "cta": {
      "label": "Get started",
      "url": "https://app.reqres.in/upgrade"
    },
    "context": "legacy_success"
  }
}
2026-07-07 22:56:24 [INFO] API Execution Completed.
2026-07-07 22:56:24 [INFO] ==============================================
2026-07-07 22:56:24 [INFO] ==============================================
2026-07-07 22:56:24 [INFO] HTTP Method : PUT
2026-07-07 22:56:24 [INFO] Request URL : https://reqres.in/api/users/2
2026-07-07 22:56:24 [INFO] Request Body :
{
  "name": "Monserrat_1783445184689",
  "job": "Legacy Branding Director"
}
2026-07-07 22:56:24 [INFO] Response Status : 200
2026-07-07 22:56:24 [INFO] Response Body :
{
  "name": "Monserrat_1783445184689",
  "job": "Legacy Branding Director",
  "updatedAt": "2026-07-07T17:26:24.816Z",
  "_meta": {
    "powered_by": "ReqRes",
    "docs_url": "https://app.reqres.in/documentation",
    "upgrade_url": "https://app.reqres.in/upgrade",
    "example_url": "https://app.reqres.in/examples/notes-app",
    "variant": "v1_b",
    "message": "This is a read-only demo endpoint. Sign up to create your own collections with full CRUD and auth.",
    "cta": {
      "label": "Get started",
      "url": "https://app.reqres.in/upgrade"
    },
    "context": "legacy_success"
  }
}
2026-07-07 22:56:24 [INFO] API Execution Completed.
2026-07-07 22:56:24 [INFO] ==============================================
2026-07-07 22:56:24 [INFO] ==============================================
2026-07-07 22:56:24 [INFO] HTTP Method : DELETE
2026-07-07 22:56:24 [INFO] Request URL : https://reqres.in/api/users/2
2026-07-07 22:56:25 [WARN] Response Body : No JSON response returned.
2026-07-07 22:56:25 [INFO] API Execution Completed.
2026-07-07 22:56:25 [INFO] ==============================================
2026-07-07 23:09:10 [INFO] ==============================================
2026-07-07 23:09:10 [INFO] HTTP Method : GET
2026-07-07 23:09:10 [INFO] Request URL : https://reqres.in/api/users/2
2026-07-07 23:09:10 [INFO] Response Status : 200
2026-07-07 23:09:10 [INFO] Response Body :
{
  "data": {
    "id": 2,
    "email": "janet.weaver@reqres.in",
    "first_name": "Janet",
    "last_name": "Weaver",
    "avatar": "https://reqres.in/img/faces/2-image.jpg"
  },
  "support": {
    "url": "https://benhowdle.im/first-cto-playbook?utm_source=reqres&utm_medium=json&utm_campaign=referral",
    "text": "Become a better CTO. A playbook of painful stories and practical advice from a two-time startup CTO."
  },
  "_meta": {
    "powered_by": "ReqRes",
    "docs_url": "https://app.reqres.in/documentation",
    "upgrade_url": "https://app.reqres.in/upgrade",
    "example_url": "https://app.reqres.in/examples/notes-app",
    "variant": "v1_b",
    "message": "This is a read-only demo endpoint. Sign up to create your own collections with full CRUD and auth.",
    "cta": {
      "label": "Get started",
      "url": "https://app.reqres.in/upgrade"
    },
    "context": "legacy_success"
  }
}
2026-07-07 23:09:10 [INFO] API Execution Completed.
2026-07-07 23:09:10 [INFO] ==============================================
2026-07-07 23:09:10 [INFO] ==============================================
2026-07-07 23:09:10 [INFO] HTTP Method : POST
2026-07-07 23:09:10 [INFO] Request URL : https://reqres.in/api/users
2026-07-07 23:09:10 [INFO] Request Body :
{
  "name": "Bob_1783445950602",
  "job": "Customer Branding Developer"
}
2026-07-07 23:09:10 [INFO] Response Status : 201
2026-07-07 23:09:10 [INFO] Response Body :
{
  "name": "Bob_1783445950602",
  "job": "Customer Branding Developer",
  "id": "50",
  "createdAt": "2026-07-07T17:39:10.792Z",
  "_meta": {
    "powered_by": "ReqRes",
    "docs_url": "https://app.reqres.in/documentation",
    "upgrade_url": "https://app.reqres.in/upgrade",
    "example_url": "https://app.reqres.in/examples/notes-app",
    "variant": "v1_b",
    "message": "This is a read-only demo endpoint. Sign up to create your own collections with full CRUD and auth.",
    "cta": {
      "label": "Get started",
      "url": "https://app.reqres.in/upgrade"
    },
    "context": "legacy_success"
  }
}
2026-07-07 23:09:10 [INFO] API Execution Completed.
2026-07-07 23:09:10 [INFO] ==============================================
2026-07-07 23:09:10 [INFO] ==============================================
2026-07-07 23:09:10 [INFO] HTTP Method : PUT
2026-07-07 23:09:10 [INFO] Request URL : https://reqres.in/api/users/2
2026-07-07 23:09:10 [INFO] Request Body :
{
  "name": "Mossie_1783445950854",
  "job": "Future Implementation Representative"
}
2026-07-07 23:09:11 [INFO] Response Status : 200
2026-07-07 23:09:11 [INFO] Response Body :
{
  "name": "Mossie_1783445950854",
  "job": "Future Implementation Representative",
  "updatedAt": "2026-07-07T17:39:10.970Z",
  "_meta": {
    "powered_by": "ReqRes",
    "docs_url": "https://app.reqres.in/documentation",
    "upgrade_url": "https://app.reqres.in/upgrade",
    "example_url": "https://app.reqres.in/examples/notes-app",
    "variant": "v1_b",
    "message": "This is a read-only demo endpoint. Sign up to create your own collections with full CRUD and auth.",
    "cta": {
      "label": "Get started",
      "url": "https://app.reqres.in/upgrade"
    },
    "context": "legacy_success"
  }
}
2026-07-07 23:09:11 [INFO] API Execution Completed.
2026-07-07 23:09:11 [INFO] ==============================================
2026-07-07 23:09:11 [INFO] ==============================================
2026-07-07 23:09:11 [INFO] HTTP Method : DELETE
2026-07-07 23:09:11 [INFO] Request URL : https://reqres.in/api/users/2
2026-07-07 23:09:11 [WARN] Response Body : No JSON response returned.
2026-07-07 23:09:11 [INFO] API Execution Completed.
2026-07-07 23:09:11 [INFO] ==============================================
2026-07-07 23:11:48 [INFO] ==============================================
2026-07-07 23:11:48 [INFO] HTTP Method : GET
2026-07-07 23:11:48 [INFO] Request URL : https://reqres.in/api/users/2
2026-07-07 23:11:48 [INFO] Response Status : 200
2026-07-07 23:11:48 [INFO] Response Body :
{
  "data": {
    "id": 2,
    "email": "janet.weaver@reqres.in",
    "first_name": "Janet",
    "last_name": "Weaver",
    "avatar": "https://reqres.in/img/faces/2-image.jpg"
  },
  "support": {
    "url": "https://benhowdle.im/first-cto-playbook?utm_source=reqres&utm_medium=json&utm_campaign=referral",
    "text": "Become a better CTO. A playbook of painful stories and practical advice from a two-time startup CTO."
  },
  "_meta": {
    "powered_by": "ReqRes",
    "docs_url": "https://app.reqres.in/documentation",
    "upgrade_url": "https://app.reqres.in/upgrade",
    "example_url": "https://app.reqres.in/examples/notes-app",
    "variant": "v1_b",
    "message": "This is a read-only demo endpoint. Sign up to create your own collections with full CRUD and auth.",
    "cta": {
      "label": "Get started",
      "url": "https://app.reqres.in/upgrade"
    },
    "context": "legacy_success"
  }
}
2026-07-07 23:11:48 [INFO] API Execution Completed.
2026-07-07 23:11:48 [INFO] ==============================================
2026-07-07 23:11:48 [INFO] ==============================================
2026-07-07 23:11:48 [INFO] HTTP Method : POST
2026-07-07 23:11:48 [INFO] Request URL : https://reqres.in/api/users
2026-07-07 23:11:48 [INFO] Request Body :
{
  "name": "Ocie_1783446108942",
  "job": "Future Data Strategist"
}
2026-07-07 23:11:49 [INFO] Response Status : 201
2026-07-07 23:11:49 [INFO] Response Body :
{
  "name": "Ocie_1783446108942",
  "job": "Future Data Strategist",
  "id": "81",
  "createdAt": "2026-07-07T17:41:49.345Z",
  "_meta": {
    "powered_by": "ReqRes",
    "docs_url": "https://app.reqres.in/documentation",
    "upgrade_url": "https://app.reqres.in/upgrade",
    "example_url": "https://app.reqres.in/examples/notes-app",
    "variant": "v1_b",
    "message": "This is a read-only demo endpoint. Sign up to create your own collections with full CRUD and auth.",
    "cta": {
      "label": "Get started",
      "url": "https://app.reqres.in/upgrade"
    },
    "context": "legacy_success"
  }
}
2026-07-07 23:11:49 [INFO] API Execution Completed.
2026-07-07 23:11:49 [INFO] ==============================================
2026-07-07 23:11:49 [INFO] ==============================================
2026-07-07 23:11:49 [INFO] HTTP Method : PUT
2026-07-07 23:11:49 [INFO] Request URL : https://reqres.in/api/users/2
2026-07-07 23:11:49 [INFO] Request Body :
{
  "name": "Kenya_1783446109403",
  "job": "Investor Paradigm Executive"
}
2026-07-07 23:11:49 [INFO] Response Status : 200
2026-07-07 23:11:49 [INFO] Response Body :
{
  "name": "Kenya_1783446109403",
  "job": "Investor Paradigm Executive",
  "updatedAt": "2026-07-07T17:41:49.522Z",
  "_meta": {
    "powered_by": "ReqRes",
    "docs_url": "https://app.reqres.in/documentation",
    "upgrade_url": "https://app.reqres.in/upgrade",
    "example_url": "https://app.reqres.in/examples/notes-app",
    "variant": "v1_b",
    "message": "This is a read-only demo endpoint. Sign up to create your own collections with full CRUD and auth.",
    "cta": {
      "label": "Get started",
      "url": "https://app.reqres.in/upgrade"
    },
    "context": "legacy_success"
  }
}
2026-07-07 23:11:49 [INFO] API Execution Completed.
2026-07-07 23:11:49 [INFO] ==============================================
2026-07-07 23:11:49 [INFO] ==============================================
2026-07-07 23:11:49 [INFO] HTTP Method : DELETE
2026-07-07 23:11:49 [INFO] Request URL : https://reqres.in/api/users/2
2026-07-07 23:11:49 [WARN] Response Body : No JSON response returned.
2026-07-07 23:11:49 [INFO] API Execution Completed.
2026-07-07 23:11:49 [INFO] ==============================================
2026-07-07 23:20:51 [INFO] ==============================================
2026-07-07 23:20:51 [INFO] HTTP Method : GET
2026-07-07 23:20:51 [INFO] Request URL : https://reqres.in/api/users/2
2026-07-07 23:20:52 [INFO] Response Status : 200
2026-07-07 23:20:52 [INFO] Response Body :
{
  "data": {
    "id": 2,
    "email": "janet.weaver@reqres.in",
    "first_name": "Janet",
    "last_name": "Weaver",
    "avatar": "https://reqres.in/img/faces/2-image.jpg"
  },
  "support": {
    "url": "https://benhowdle.im/first-cto-playbook?utm_source=reqres&utm_medium=json&utm_campaign=referral",
    "text": "Become a better CTO. A playbook of painful stories and practical advice from a two-time startup CTO."
  },
  "_meta": {
    "powered_by": "ReqRes",
    "docs_url": "https://app.reqres.in/documentation",
    "upgrade_url": "https://app.reqres.in/upgrade",
    "example_url": "https://app.reqres.in/examples/notes-app",
    "variant": "v1_b",
    "message": "This is a read-only demo endpoint. Sign up to create your own collections with full CRUD and auth.",
    "cta": {
      "label": "Get started",
      "url": "https://app.reqres.in/upgrade"
    },
    "context": "legacy_success"
  }
}
2026-07-07 23:20:52 [INFO] API Execution Completed.
2026-07-07 23:20:52 [INFO] ==============================================
2026-07-07 23:20:52 [INFO] ==============================================
2026-07-07 23:20:52 [INFO] HTTP Method : POST
2026-07-07 23:20:52 [INFO] Request URL : https://reqres.in/api/users
2026-07-07 23:20:52 [INFO] Request Body :
{
  "name": "Kendra_1783446652460",
  "job": "Human Factors Associate"
}
2026-07-07 23:20:52 [INFO] Response Status : 201
2026-07-07 23:20:52 [INFO] Response Body :
{
  "name": "Kendra_1783446652460",
  "job": "Human Factors Associate",
  "id": "488",
  "createdAt": "2026-07-07T17:50:52.715Z",
  "_meta": {
    "powered_by": "ReqRes",
    "docs_url": "https://app.reqres.in/documentation",
    "upgrade_url": "https://app.reqres.in/upgrade",
    "example_url": "https://app.reqres.in/examples/notes-app",
    "variant": "v1_b",
    "message": "This is a read-only demo endpoint. Sign up to create your own collections with full CRUD and auth.",
    "cta": {
      "label": "Get started",
      "url": "https://app.reqres.in/upgrade"
    },
    "context": "legacy_success"
  }
}
2026-07-07 23:20:52 [INFO] API Execution Completed.
2026-07-07 23:20:52 [INFO] ==============================================
2026-07-07 23:20:52 [INFO] ==============================================
2026-07-07 23:20:52 [INFO] HTTP Method : PUT
2026-07-07 23:20:52 [INFO] Request URL : https://reqres.in/api/users/2
2026-07-07 23:20:52 [INFO] Request Body :
{
  "name": "Shad_1783446652785",
  "job": "District Research Administrator"
}
2026-07-07 23:20:52 [INFO] Response Status : 200
2026-07-07 23:20:52 [INFO] Response Body :
{
  "name": "Shad_1783446652785",
  "job": "District Research Administrator",
  "updatedAt": "2026-07-07T17:50:52.896Z",
  "_meta": {
    "powered_by": "ReqRes",
    "docs_url": "https://app.reqres.in/documentation",
    "upgrade_url": "https://app.reqres.in/upgrade",
    "example_url": "https://app.reqres.in/examples/notes-app",
    "variant": "v1_b",
    "message": "This is a read-only demo endpoint. Sign up to create your own collections with full CRUD and auth.",
    "cta": {
      "label": "Get started",
      "url": "https://app.reqres.in/upgrade"
    },
    "context": "legacy_success"
  }
}
2026-07-07 23:20:52 [INFO] API Execution Completed.
2026-07-07 23:20:52 [INFO] ==============================================
2026-07-07 23:20:52 [INFO] ==============================================
2026-07-07 23:20:52 [INFO] HTTP Method : DELETE
2026-07-07 23:20:52 [INFO] Request URL : https://reqres.in/api/users/2
2026-07-07 23:20:53 [WARN] Response Body : No JSON response returned.
2026-07-07 23:20:53 [INFO] API Execution Completed.
2026-07-07 23:20:53 [INFO] ==============================================
2026-07-07 23:21:39 [INFO] ==============================================
2026-07-07 23:21:39 [INFO] HTTP Method : GET
2026-07-07 23:21:39 [INFO] Request URL : https://reqres.in/api/users/2
2026-07-07 23:21:39 [INFO] Response Status : 200
2026-07-07 23:21:39 [INFO] Response Body :
{
  "data": {
    "id": 2,
    "email": "janet.weaver@reqres.in",
    "first_name": "Janet",
    "last_name": "Weaver",
    "avatar": "https://reqres.in/img/faces/2-image.jpg"
  },
  "support": {
    "url": "https://benhowdle.im/first-cto-playbook?utm_source=reqres&utm_medium=json&utm_campaign=referral",
    "text": "Become a better CTO. A playbook of painful stories and practical advice from a two-time startup CTO."
  },
  "_meta": {
    "powered_by": "ReqRes",
    "docs_url": "https://app.reqres.in/documentation",
    "upgrade_url": "https://app.reqres.in/upgrade",
    "example_url": "https://app.reqres.in/examples/notes-app",
    "variant": "v1_b",
    "message": "This is a read-only demo endpoint. Sign up to create your own collections with full CRUD and auth.",
    "cta": {
      "label": "Get started",
      "url": "https://app.reqres.in/upgrade"
    },
    "context": "legacy_success"
  }
}
2026-07-07 23:21:39 [INFO] API Execution Completed.
2026-07-07 23:21:39 [INFO] ==============================================
2026-07-07 23:21:39 [INFO] ==============================================
2026-07-07 23:21:39 [INFO] HTTP Method : POST
2026-07-07 23:21:39 [INFO] Request URL : https://reqres.in/api/users
2026-07-07 23:21:39 [INFO] Request Body :
{
  "name": "Cordia_1783446699688",
  "job": "Lead Solutions Designer"
}
2026-07-07 23:21:39 [INFO] Response Status : 201
2026-07-07 23:21:39 [INFO] Response Body :
{
  "name": "Cordia_1783446699688",
  "job": "Lead Solutions Designer",
  "id": "539",
  "createdAt": "2026-07-07T17:51:39.796Z",
  "_meta": {
    "powered_by": "ReqRes",
    "docs_url": "https://app.reqres.in/documentation",
    "upgrade_url": "https://app.reqres.in/upgrade",
    "example_url": "https://app.reqres.in/examples/notes-app",
    "variant": "v1_b",
    "message": "This is a read-only demo endpoint. Sign up to create your own collections with full CRUD and auth.",
    "cta": {
      "label": "Get started",
      "url": "https://app.reqres.in/upgrade"
    },
    "context": "legacy_success"
  }
}
2026-07-07 23:21:39 [INFO] API Execution Completed.
2026-07-07 23:21:39 [INFO] ==============================================
2026-07-07 23:21:39 [INFO] ==============================================
2026-07-07 23:21:39 [INFO] HTTP Method : PUT
2026-07-07 23:21:39 [INFO] Request URL : https://reqres.in/api/users/2
2026-07-07 23:21:39 [INFO] Request Body :
{
  "name": "Bonita_1783446699916",
  "job": "Direct Communications Specialist"
}
2026-07-07 23:21:40 [INFO] Response Status : 200
2026-07-07 23:21:40 [INFO] Response Body :
{
  "name": "Bonita_1783446699916",
  "job": "Direct Communications Specialist",
  "updatedAt": "2026-07-07T17:51:40.027Z",
  "_meta": {
    "powered_by": "ReqRes",
    "docs_url": "https://app.reqres.in/documentation",
    "upgrade_url": "https://app.reqres.in/upgrade",
    "example_url": "https://app.reqres.in/examples/notes-app",
    "variant": "v1_b",
    "message": "This is a read-only demo endpoint. Sign up to create your own collections with full CRUD and auth.",
    "cta": {
      "label": "Get started",
      "url": "https://app.reqres.in/upgrade"
    },
    "context": "legacy_success"
  }
}
2026-07-07 23:21:40 [INFO] API Execution Completed.
2026-07-07 23:21:40 [INFO] ==============================================
2026-07-07 23:21:40 [INFO] ==============================================
2026-07-07 23:21:40 [INFO] HTTP Method : DELETE
2026-07-07 23:21:40 [INFO] Request URL : https://reqres.in/api/users/2
2026-07-07 23:21:40 [WARN] Response Body : No JSON response returned.
2026-07-07 23:21:40 [INFO] API Execution Completed.
2026-07-07 23:21:40 [INFO] ==============================================
2026-07-07 23:44:57 [INFO] ==============================================
2026-07-07 23:44:57 [INFO] HTTP Method : GET
2026-07-07 23:44:57 [INFO] Request URL : https://reqres.in/api/api/products/2
2026-07-07 23:44:57 [INFO] Response Status : 404
2026-07-07 23:44:57 [INFO] Response Body :
{}
2026-07-07 23:44:57 [INFO] API Execution Completed.
2026-07-07 23:44:57 [INFO] ==============================================
2026-07-07 23:44:57 [INFO] ==============================================
2026-07-07 23:44:57 [INFO] HTTP Method : GET
2026-07-07 23:44:57 [INFO] Request URL : https://reqres.in/api/users/2
2026-07-07 23:44:58 [INFO] Response Status : 200
2026-07-07 23:44:58 [INFO] Response Body :
{
  "data": {
    "id": 2,
    "email": "janet.weaver@reqres.in",
    "first_name": "Janet",
    "last_name": "Weaver",
    "avatar": "https://reqres.in/img/faces/2-image.jpg"
  },
  "support": {
    "url": "https://benhowdle.im/first-cto-playbook?utm_source=reqres&utm_medium=json&utm_campaign=referral",
    "text": "Become a better CTO. A playbook of painful stories and practical advice from a two-time startup CTO."
  },
  "_meta": {
    "powered_by": "ReqRes",
    "docs_url": "https://app.reqres.in/documentation",
    "upgrade_url": "https://app.reqres.in/upgrade",
    "example_url": "https://app.reqres.in/examples/notes-app",
    "variant": "v1_b",
    "message": "This is a read-only demo endpoint. Sign up to create your own collections with full CRUD and auth.",
    "cta": {
      "label": "Get started",
      "url": "https://app.reqres.in/upgrade"
    },
    "context": "legacy_success"
  }
}
2026-07-07 23:44:58 [INFO] API Execution Completed.
2026-07-07 23:44:58 [INFO] ==============================================
2026-07-07 23:44:58 [INFO] ==============================================
2026-07-07 23:44:58 [INFO] HTTP Method : POST
2026-07-07 23:44:58 [INFO] Request URL : https://reqres.in/api/users
2026-07-07 23:44:58 [INFO] Request Body :
{
  "name": "Laverne_1783448098255",
  "job": "Global Quality Associate"
}
2026-07-07 23:44:58 [INFO] Response Status : 201
2026-07-07 23:44:58 [INFO] Response Body :
{
  "name": "Laverne_1783448098255",
  "job": "Global Quality Associate",
  "id": "908",
  "createdAt": "2026-07-07T18:14:58.511Z",
  "_meta": {
    "powered_by": "ReqRes",
    "docs_url": "https://app.reqres.in/documentation",
    "upgrade_url": "https://app.reqres.in/upgrade",
    "example_url": "https://app.reqres.in/examples/notes-app",
    "variant": "v1_b",
    "message": "This is a read-only demo endpoint. Sign up to create your own collections with full CRUD and auth.",
    "cta": {
      "label": "Get started",
      "url": "https://app.reqres.in/upgrade"
    },
    "context": "legacy_success"
  }
}
2026-07-07 23:44:58 [INFO] API Execution Completed.
2026-07-07 23:44:58 [INFO] ==============================================
2026-07-07 23:44:58 [INFO] ==============================================
2026-07-07 23:44:58 [INFO] HTTP Method : PUT
2026-07-07 23:44:58 [INFO] Request URL : https://reqres.in/api/users/2
2026-07-07 23:44:58 [INFO] Request Body :
{
  "name": "Greg_1783448098593",
  "job": "Product Communications Facilitator"
}
2026-07-07 23:44:58 [INFO] Response Status : 200
2026-07-07 23:44:58 [INFO] Response Body :
{
  "name": "Greg_1783448098593",
  "job": "Product Communications Facilitator",
  "updatedAt": "2026-07-07T18:14:58.705Z",
  "_meta": {
    "powered_by": "ReqRes",
    "docs_url": "https://app.reqres.in/documentation",
    "upgrade_url": "https://app.reqres.in/upgrade",
    "example_url": "https://app.reqres.in/examples/notes-app",
    "variant": "v1_b",
    "message": "This is a read-only demo endpoint. Sign up to create your own collections with full CRUD and auth.",
    "cta": {
      "label": "Get started",
      "url": "https://app.reqres.in/upgrade"
    },
    "context": "legacy_success"
  }
}
2026-07-07 23:44:58 [INFO] API Execution Completed.
2026-07-07 23:44:58 [INFO] ==============================================
2026-07-07 23:44:58 [INFO] ==============================================
2026-07-07 23:44:58 [INFO] HTTP Method : DELETE
2026-07-07 23:44:58 [INFO] Request URL : https://reqres.in/api/users/2
2026-07-07 23:44:58 [WARN] Response Body : No JSON response returned.
2026-07-07 23:44:58 [INFO] API Execution Completed.
2026-07-07 23:44:58 [INFO] ==============================================
2026-07-07 23:55:33 [INFO] ==============================================
2026-07-07 23:55:33 [INFO] HTTP Method : GET
2026-07-07 23:55:33 [INFO] Request URL : https://reqres.in/api/api/products/2
2026-07-07 23:55:33 [INFO] ==============================================
2026-07-07 23:55:33 [INFO] HTTP Method : GET
2026-07-07 23:55:33 [INFO] Request URL : https://reqres.in/api/users/2
2026-07-07 23:55:33 [INFO] ==============================================
2026-07-07 23:55:33 [INFO] HTTP Method : POST
2026-07-07 23:55:33 [INFO] Request URL : https://reqres.in/api/users
2026-07-07 23:55:33 [INFO] Request Body :
{
  "name": "Sharon_1783448733391",
  "job": "Customer Tactics Manager"
}
2026-07-07 23:55:33 [INFO] ==============================================
2026-07-07 23:55:33 [INFO] HTTP Method : PUT
2026-07-07 23:55:33 [INFO] Request URL : https://reqres.in/api/users/2
2026-07-07 23:55:33 [INFO] Request Body :
{
  "name": "Desiree_1783448733394",
  "job": "Lead Intranet Orchestrator"
}
2026-07-07 23:55:33 [INFO] ==============================================
2026-07-07 23:55:33 [INFO] HTTP Method : DELETE
2026-07-07 23:55:33 [INFO] Request URL : https://reqres.in/api/users/2
2026-07-07 23:57:43 [INFO] ==============================================
2026-07-07 23:57:43 [INFO] HTTP Method : GET
2026-07-07 23:57:43 [INFO] Request URL : https://reqres.in/api/api/products/2
2026-07-07 23:57:43 [INFO] ==============================================
2026-07-07 23:57:43 [INFO] HTTP Method : GET
2026-07-07 23:57:43 [INFO] Request URL : https://reqres.in/api/users/2
2026-07-07 23:57:43 [INFO] ==============================================
2026-07-07 23:57:43 [INFO] HTTP Method : POST
2026-07-07 23:57:43 [INFO] Request URL : https://reqres.in/api/users
2026-07-07 23:57:43 [INFO] Request Body :
{
  "name": "Erma_1783448863171",
  "job": "Lead Marketing Representative"
}
2026-07-07 23:57:43 [INFO] ==============================================
2026-07-07 23:57:43 [INFO] HTTP Method : PUT
2026-07-07 23:57:43 [INFO] Request URL : https://reqres.in/api/users/2
2026-07-07 23:57:43 [INFO] Request Body :
{
  "name": "Dangelo_1783448863174",
  "job": "National Infrastructure Analyst"
}
2026-07-07 23:57:43 [INFO] ==============================================
2026-07-07 23:57:43 [INFO] HTTP Method : DELETE
2026-07-07 23:57:43 [INFO] Request URL : https://reqres.in/api/users/2
2026-07-08 00:06:21 [INFO] ==============================================
2026-07-08 00:06:21 [INFO] HTTP Method : GET
2026-07-08 00:06:21 [INFO] Request URL : https://reqres.in/api/api/products/2
2026-07-08 00:06:22 [INFO] Response Status : 404
2026-07-08 00:06:22 [INFO] Response Body :
{}
2026-07-08 00:06:22 [INFO] API Execution Completed.
2026-07-08 00:06:22 [INFO] ==============================================
2026-07-08 00:06:22 [INFO] ==============================================
2026-07-08 00:06:22 [INFO] HTTP Method : GET
2026-07-08 00:06:22 [INFO] Request URL : https://reqres.in/api/users/2
2026-07-08 00:06:22 [INFO] Response Status : 200
2026-07-08 00:06:22 [INFO] Response Body :
{
  "data": {
    "id": 2,
    "email": "janet.weaver@reqres.in",
    "first_name": "Janet",
    "last_name": "Weaver",
    "avatar": "https://reqres.in/img/faces/2-image.jpg"
  },
  "support": {
    "url": "https://benhowdle.im/first-cto-playbook?utm_source=reqres&utm_medium=json&utm_campaign=referral",
    "text": "Become a better CTO. A playbook of painful stories and practical advice from a two-time startup CTO."
  },
  "_meta": {
    "powered_by": "ReqRes",
    "docs_url": "https://app.reqres.in/documentation",
    "upgrade_url": "https://app.reqres.in/upgrade",
    "example_url": "https://app.reqres.in/examples/notes-app",
    "variant": "v1_b",
    "message": "This is a read-only demo endpoint. Sign up to create your own collections with full CRUD and auth.",
    "cta": {
      "label": "Get started",
      "url": "https://app.reqres.in/upgrade"
    },
    "context": "legacy_success"
  }
}
2026-07-08 00:06:22 [INFO] API Execution Completed.
2026-07-08 00:06:22 [INFO] ==============================================
2026-07-08 00:06:22 [INFO] ==============================================
2026-07-08 00:06:22 [INFO] HTTP Method : POST
2026-07-08 00:06:22 [INFO] Request URL : https://reqres.in/api/users
2026-07-08 00:06:22 [INFO] Request Body :
{
  "name": "Lorena_1783449382681",
  "job": "Chief Metrics Strategist"
}
2026-07-08 00:06:23 [INFO] Response Status : 201
2026-07-08 00:06:23 [INFO] Response Body :
{
  "name": "Lorena_1783449382681",
  "job": "Chief Metrics Strategist",
  "id": "797",
  "createdAt": "2026-07-07T18:36:22.983Z",
  "_meta": {
    "powered_by": "ReqRes",
    "docs_url": "https://app.reqres.in/documentation",
    "upgrade_url": "https://app.reqres.in/upgrade",
    "example_url": "https://app.reqres.in/examples/notes-app",
    "variant": "v1_b",
    "message": "This is a read-only demo endpoint. Sign up to create your own collections with full CRUD and auth.",
    "cta": {
      "label": "Get started",
      "url": "https://app.reqres.in/upgrade"
    },
    "context": "legacy_success"
  }
}
2026-07-08 00:06:23 [INFO] API Execution Completed.
2026-07-08 00:06:23 [INFO] ==============================================
2026-07-08 00:06:23 [INFO] ==============================================
2026-07-08 00:06:23 [INFO] HTTP Method : PUT
2026-07-08 00:06:23 [INFO] Request URL : https://reqres.in/api/users/2
2026-07-08 00:06:23 [INFO] Request Body :
{
  "name": "Taryn_1783449383049",
  "job": "Customer Creative Designer"
}
2026-07-08 00:06:23 [INFO] Response Status : 200
2026-07-08 00:06:23 [INFO] Response Body :
{
  "name": "Taryn_1783449383049",
  "job": "Customer Creative Designer",
  "updatedAt": "2026-07-07T18:36:23.215Z",
  "_meta": {
    "powered_by": "ReqRes",
    "docs_url": "https://app.reqres.in/documentation",
    "upgrade_url": "https://app.reqres.in/upgrade",
    "example_url": "https://app.reqres.in/examples/notes-app",
    "variant": "v1_b",
    "message": "This is a read-only demo endpoint. Sign up to create your own collections with full CRUD and auth.",
    "cta": {
      "label": "Get started",
      "url": "https://app.reqres.in/upgrade"
    },
    "context": "legacy_success"
  }
}
2026-07-08 00:06:23 [INFO] API Execution Completed.
2026-07-08 00:06:23 [INFO] ==============================================
2026-07-08 00:06:23 [INFO] ==============================================
2026-07-08 00:06:23 [INFO] HTTP Method : DELETE
2026-07-08 00:06:23 [INFO] Request URL : https://reqres.in/api/users/2
2026-07-08 00:06:24 [WARN] Response Body : No JSON response returned.
2026-07-08 00:06:24 [INFO] API Execution Completed.
2026-07-08 00:06:24 [INFO] ==============================================
2026-07-08 00:13:48 [INFO] ==============================================
2026-07-08 00:13:48 [INFO] HTTP Method : GET
2026-07-08 00:13:48 [INFO] Request URL : https://reqres.in/api/users/2
2026-07-08 00:13:49 [INFO] Response Status : 200
2026-07-08 00:13:49 [INFO] Response Body :
{
  "data": {
    "id": 2,
    "email": "janet.weaver@reqres.in",
    "first_name": "Janet",
    "last_name": "Weaver",
    "avatar": "https://reqres.in/img/faces/2-image.jpg"
  },
  "support": {
    "url": "https://benhowdle.im/first-cto-playbook?utm_source=reqres&utm_medium=json&utm_campaign=referral",
    "text": "Become a better CTO. A playbook of painful stories and practical advice from a two-time startup CTO."
  },
  "_meta": {
    "powered_by": "ReqRes",
    "docs_url": "https://app.reqres.in/documentation",
    "upgrade_url": "https://app.reqres.in/upgrade",
    "example_url": "https://app.reqres.in/examples/notes-app",
    "variant": "v1_b",
    "message": "This is a read-only demo endpoint. Sign up to create your own collections with full CRUD and auth.",
    "cta": {
      "label": "Get started",
      "url": "https://app.reqres.in/upgrade"
    },
    "context": "legacy_success"
  }
}
2026-07-08 00:13:49 [INFO] API Execution Completed.
2026-07-08 00:13:49 [INFO] ==============================================
2026-07-08 00:13:49 [INFO] ==============================================
2026-07-08 00:13:49 [INFO] HTTP Method : POST
2026-07-08 00:13:49 [INFO] Request URL : https://reqres.in/api/users
2026-07-08 00:13:49 [INFO] Request Body :
{
  "name": "Chelsey_1783449829745",
  "job": "Lead Infrastructure Strategist"
}
2026-07-08 00:13:50 [INFO] Response Status : 201
2026-07-08 00:13:50 [INFO] Response Body :
{
  "name": "Chelsey_1783449829745",
  "job": "Lead Infrastructure Strategist",
  "id": "56",
  "createdAt": "2026-07-07T18:43:50.134Z",
  "_meta": {
    "powered_by": "ReqRes",
    "docs_url": "https://app.reqres.in/documentation",
    "upgrade_url": "https://app.reqres.in/upgrade",
    "example_url": "https://app.reqres.in/examples/notes-app",
    "variant": "v1_b",
    "message": "This is a read-only demo endpoint. Sign up to create your own collections with full CRUD and auth.",
    "cta": {
      "label": "Get started",
      "url": "https://app.reqres.in/upgrade"
    },
    "context": "legacy_success"
  }
}
2026-07-08 00:13:50 [INFO] API Execution Completed.
2026-07-08 00:13:50 [INFO] ==============================================
2026-07-08 00:13:50 [INFO] ==============================================
2026-07-08 00:13:50 [INFO] HTTP Method : PUT
2026-07-08 00:13:50 [INFO] Request URL : https://reqres.in/api/users/2
2026-07-08 00:13:50 [INFO] Request Body :
{
  "name": "Stanley_1783449830303",
  "job": "Investor Optimization Director"
}
2026-07-08 00:13:50 [INFO] Response Status : 200
2026-07-08 00:13:50 [INFO] Response Body :
{
  "name": "Stanley_1783449830303",
  "job": "Investor Optimization Director",
  "updatedAt": "2026-07-07T18:43:50.464Z",
  "_meta": {
    "powered_by": "ReqRes",
    "docs_url": "https://app.reqres.in/documentation",
    "upgrade_url": "https://app.reqres.in/upgrade",
    "example_url": "https://app.reqres.in/examples/notes-app",
    "variant": "v1_b",
    "message": "This is a read-only demo endpoint. Sign up to create your own collections with full CRUD and auth.",
    "cta": {
      "label": "Get started",
      "url": "https://app.reqres.in/upgrade"
    },
    "context": "legacy_success"
  }
}
2026-07-08 00:13:50 [INFO] API Execution Completed.
2026-07-08 00:13:50 [INFO] ==============================================
2026-07-08 00:13:50 [INFO] ==============================================
2026-07-08 00:13:50 [INFO] HTTP Method : DELETE
2026-07-08 00:13:50 [INFO] Request URL : https://reqres.in/api/users/2
2026-07-08 00:13:51 [WARN] Response Body : No JSON response returned.
2026-07-08 00:13:51 [INFO] API Execution Completed.
2026-07-08 00:13:51 [INFO] ==============================================
2026-07-08 00:23:54 [INFO] ==============================================
2026-07-08 00:23:54 [INFO] HTTP Method : GET
2026-07-08 00:23:54 [INFO] Request URL : https://reqres.in/api/users/2
2026-07-08 00:23:55 [INFO] Response Status : 200
2026-07-08 00:23:55 [INFO] Response Body :
{
  "data": {
    "id": 2,
    "email": "janet.weaver@reqres.in",
    "first_name": "Janet",
    "last_name": "Weaver",
    "avatar": "https://reqres.in/img/faces/2-image.jpg"
  },
  "support": {
    "url": "https://benhowdle.im/first-cto-playbook?utm_source=reqres&utm_medium=json&utm_campaign=referral",
    "text": "Become a better CTO. A playbook of painful stories and practical advice from a two-time startup CTO."
  },
  "_meta": {
    "powered_by": "ReqRes",
    "docs_url": "https://app.reqres.in/documentation",
    "upgrade_url": "https://app.reqres.in/upgrade",
    "example_url": "https://app.reqres.in/examples/notes-app",
    "variant": "v1_b",
    "message": "This is a read-only demo endpoint. Sign up to create your own collections with full CRUD and auth.",
    "cta": {
      "label": "Get started",
      "url": "https://app.reqres.in/upgrade"
    },
    "context": "legacy_success"
  }
}
2026-07-08 00:23:55 [INFO] API Execution Completed.
2026-07-08 00:23:55 [INFO] ==============================================
2026-07-08 00:23:55 [INFO] ==============================================
2026-07-08 00:23:55 [INFO] HTTP Method : POST
2026-07-08 00:23:55 [INFO] Request URL : https://reqres.in/api/users
2026-07-08 00:23:55 [INFO] Request Body :
{
  "name": "Casey_1783450435147",
  "job": "Investor Identity Analyst"
}
2026-07-08 00:23:55 [INFO] Response Status : 201
2026-07-08 00:23:55 [INFO] Response Body :
{
  "name": "Casey_1783450435147",
  "job": "Investor Identity Analyst",
  "id": "429",
  "createdAt": "2026-07-07T18:53:55.433Z",
  "_meta": {
    "powered_by": "ReqRes",
    "docs_url": "https://app.reqres.in/documentation",
    "upgrade_url": "https://app.reqres.in/upgrade",
    "example_url": "https://app.reqres.in/examples/notes-app",
    "variant": "v1_b",
    "message": "This is a read-only demo endpoint. Sign up to create your own collections with full CRUD and auth.",
    "cta": {
      "label": "Get started",
      "url": "https://app.reqres.in/upgrade"
    },
    "context": "legacy_success"
  }
}
2026-07-08 00:23:55 [INFO] API Execution Completed.
2026-07-08 00:23:55 [INFO] ==============================================
2026-07-08 00:23:55 [INFO] ==============================================
2026-07-08 00:23:55 [INFO] HTTP Method : PUT
2026-07-08 00:23:55 [INFO] Request URL : https://reqres.in/api/users/2
2026-07-08 00:23:55 [INFO] Request Body :
{
  "name": "Jill_1783450435752",
  "job": "District Paradigm Officer"
}
2026-07-08 00:23:56 [INFO] Response Status : 200
2026-07-08 00:23:56 [INFO] Response Body :
{
  "name": "Jill_1783450435752",
  "job": "District Paradigm Officer",
  "updatedAt": "2026-07-07T18:53:55.881Z",
  "_meta": {
    "powered_by": "ReqRes",
    "docs_url": "https://app.reqres.in/documentation",
    "upgrade_url": "https://app.reqres.in/upgrade",
    "example_url": "https://app.reqres.in/examples/notes-app",
    "variant": "v1_b",
    "message": "This is a read-only demo endpoint. Sign up to create your own collections with full CRUD and auth.",
    "cta": {
      "label": "Get started",
      "url": "https://app.reqres.in/upgrade"
    },
    "context": "legacy_success"
  }
}
2026-07-08 00:23:56 [INFO] API Execution Completed.
2026-07-08 00:23:56 [INFO] ==============================================
2026-07-08 00:23:56 [INFO] ==============================================
2026-07-08 00:23:56 [INFO] HTTP Method : DELETE
2026-07-08 00:23:56 [INFO] Request URL : https://reqres.in/api/users/2
2026-07-08 00:23:56 [WARN] Response Body : No JSON response returned.
2026-07-08 00:23:56 [INFO] API Execution Completed.
2026-07-08 00:23:56 [INFO] ==============================================
2026-07-08 16:55:44 [INFO] ==============================================
2026-07-08 16:55:44 [INFO] HTTP Method : GET
2026-07-08 16:55:44 [INFO] Request URL : https://reqres.in/api/users/2
2026-07-08 16:55:44 [INFO] Response Status : 200
2026-07-08 16:55:44 [INFO] Response Body :
{
  "data": {
    "id": 2,
    "email": "janet.weaver@reqres.in",
    "first_name": "Janet",
    "last_name": "Weaver",
    "avatar": "https://reqres.in/img/faces/2-image.jpg"
  },
  "support": {
    "url": "https://benhowdle.im/first-cto-playbook?utm_source=reqres&utm_medium=json&utm_campaign=referral",
    "text": "Become a better CTO. A playbook of painful stories and practical advice from a two-time startup CTO."
  },
  "_meta": {
    "powered_by": "ReqRes",
    "docs_url": "https://app.reqres.in/documentation",
    "upgrade_url": "https://app.reqres.in/upgrade",
    "example_url": "https://app.reqres.in/examples/notes-app",
    "variant": "v1_b",
    "message": "This is a read-only demo endpoint. Sign up to create your own collections with full CRUD and auth.",
    "cta": {
      "label": "Get started",
      "url": "https://app.reqres.in/upgrade"
    },
    "context": "legacy_success"
  }
}
2026-07-08 16:55:44 [INFO] API Execution Completed.
2026-07-08 16:55:44 [INFO] ==============================================
2026-07-08 16:55:44 [INFO] ==============================================
2026-07-08 16:55:44 [INFO] HTTP Method : POST
2026-07-08 16:55:44 [INFO] Request URL : https://reqres.in/api/users
2026-07-08 16:55:44 [INFO] Request Body :
{
  "name": "Vicky_1783509944956",
  "job": "International Branding Specialist"
}
2026-07-08 16:55:45 [INFO] Response Status : 201
2026-07-08 16:55:45 [INFO] Response Body :
{
  "name": "Vicky_1783509944956",
  "job": "International Branding Specialist",
  "id": "416",
  "createdAt": "2026-07-08T11:25:45.303Z",
  "_meta": {
    "powered_by": "ReqRes",
    "docs_url": "https://app.reqres.in/documentation",
    "upgrade_url": "https://app.reqres.in/upgrade",
    "example_url": "https://app.reqres.in/examples/notes-app",
    "variant": "v1_b",
    "message": "This is a read-only demo endpoint. Sign up to create your own collections with full CRUD and auth.",
    "cta": {
      "label": "Get started",
      "url": "https://app.reqres.in/upgrade"
    },
    "context": "legacy_success"
  }
}
2026-07-08 16:55:45 [INFO] API Execution Completed.
2026-07-08 16:55:45 [INFO] ==============================================
2026-07-08 16:55:45 [INFO] ==============================================
2026-07-08 16:55:45 [INFO] HTTP Method : PUT
2026-07-08 16:55:45 [INFO] Request URL : https://reqres.in/api/users/2
2026-07-08 16:55:45 [INFO] Request Body :
{
  "name": "Buster_1783509945370",
  "job": "Investor Interactions Officer"
}
2026-07-08 16:55:45 [INFO] Response Status : 200
2026-07-08 16:55:45 [INFO] Response Body :
{
  "name": "Buster_1783509945370",
  "job": "Investor Interactions Officer",
  "updatedAt": "2026-07-08T11:25:45.569Z",
  "_meta": {
    "powered_by": "ReqRes",
    "docs_url": "https://app.reqres.in/documentation",
    "upgrade_url": "https://app.reqres.in/upgrade",
    "example_url": "https://app.reqres.in/examples/notes-app",
    "variant": "v1_b",
    "message": "This is a read-only demo endpoint. Sign up to create your own collections with full CRUD and auth.",
    "cta": {
      "label": "Get started",
      "url": "https://app.reqres.in/upgrade"
    },
    "context": "legacy_success"
  }
}
2026-07-08 16:55:45 [INFO] API Execution Completed.
2026-07-08 16:55:45 [INFO] ==============================================
2026-07-08 16:55:45 [INFO] ==============================================
2026-07-08 16:55:45 [INFO] HTTP Method : DELETE
2026-07-08 16:55:45 [INFO] Request URL : https://reqres.in/api/users/2
2026-07-08 16:55:45 [WARN] Response Body : No JSON response returned.
2026-07-08 16:55:45 [INFO] API Execution Completed.
2026-07-08 16:55:45 [INFO] ==============================================
2026-07-08 17:01:31 [INFO] ==============================================
2026-07-08 17:01:31 [INFO] HTTP Method : POST
2026-07-08 17:01:31 [INFO] Request URL : https://reqres.in/api/users
2026-07-08 17:01:31 [INFO] Request Body :
{
  "name": "Bernardo_1783510291329",
  "job": "International Interactions Planner"
}
2026-07-08 17:01:31 [INFO] Response Status : 201
2026-07-08 17:01:31 [INFO] Response Body :
{
  "name": "Bernardo_1783510291329",
  "job": "International Interactions Planner",
  "id": "519",
  "createdAt": "2026-07-08T11:31:31.769Z",
  "_meta": {
    "powered_by": "ReqRes",
    "docs_url": "https://app.reqres.in/documentation",
    "upgrade_url": "https://app.reqres.in/upgrade",
    "example_url": "https://app.reqres.in/examples/notes-app",
    "variant": "v1_b",
    "message": "This is a read-only demo endpoint. Sign up to create your own collections with full CRUD and auth.",
    "cta": {
      "label": "Get started",
      "url": "https://app.reqres.in/upgrade"
    },
    "context": "legacy_success"
  }
}
2026-07-08 17:01:31 [INFO] API Execution Completed.
2026-07-08 17:01:31 [INFO] ==============================================
2026-07-08 17:02:21 [INFO] ==============================================
2026-07-08 17:02:21 [INFO] HTTP Method : GET
2026-07-08 17:02:21 [INFO] Request URL : https://reqres.in/api/users/2
2026-07-08 17:02:22 [INFO] Response Status : 200
2026-07-08 17:02:22 [INFO] Response Body :
{
  "data": {
    "id": 2,
    "email": "janet.weaver@reqres.in",
    "first_name": "Janet",
    "last_name": "Weaver",
    "avatar": "https://reqres.in/img/faces/2-image.jpg"
  },
  "support": {
    "url": "https://benhowdle.im/first-cto-playbook?utm_source=reqres&utm_medium=json&utm_campaign=referral",
    "text": "Become a better CTO. A playbook of painful stories and practical advice from a two-time startup CTO."
  },
  "_meta": {
    "powered_by": "ReqRes",
    "docs_url": "https://app.reqres.in/documentation",
    "upgrade_url": "https://app.reqres.in/upgrade",
    "example_url": "https://app.reqres.in/examples/notes-app",
    "variant": "v1_b",
    "message": "This is a read-only demo endpoint. Sign up to create your own collections with full CRUD and auth.",
    "cta": {
      "label": "Get started",
      "url": "https://app.reqres.in/upgrade"
    },
    "context": "legacy_success"
  }
}
2026-07-08 17:02:22 [INFO] API Execution Completed.
2026-07-08 17:02:22 [INFO] ==============================================
2026-07-08 17:02:22 [INFO] ==============================================
2026-07-08 17:02:22 [INFO] HTTP Method : POST
2026-07-08 17:02:22 [INFO] Request URL : https://reqres.in/api/users
2026-07-08 17:02:22 [INFO] Request Body :
{
  "name": "Tyrel_1783510342342",
  "job": "Investor Functionality Agent"
}
2026-07-08 17:02:22 [INFO] Response Status : 201
2026-07-08 17:02:22 [INFO] Response Body :
{
  "name": "Tyrel_1783510342342",
  "job": "Investor Functionality Agent",
  "id": "158",
  "createdAt": "2026-07-08T11:32:22.545Z",
  "_meta": {
    "powered_by": "ReqRes",
    "docs_url": "https://app.reqres.in/documentation",
    "upgrade_url": "https://app.reqres.in/upgrade",
    "example_url": "https://app.reqres.in/examples/notes-app",
    "variant": "v1_b",
    "message": "This is a read-only demo endpoint. Sign up to create your own collections with full CRUD and auth.",
    "cta": {
      "label": "Get started",
      "url": "https://app.reqres.in/upgrade"
    },
    "context": "legacy_success"
  }
}
2026-07-08 17:02:22 [INFO] API Execution Completed.
2026-07-08 17:02:22 [INFO] ==============================================
2026-07-08 18:45:36 [INFO] ==============================================
2026-07-08 18:45:36 [INFO] HTTP Method : GET
2026-07-08 18:45:36 [INFO] Request URL : https://reqres.in/api/users/2
2026-07-08 18:45:36 [INFO] Response Status : 401
2026-07-08 18:45:36 [INFO] Response Body :
{
  "error": "missing_api_key",
  "message": "The x-api-key header is required for this endpoint.",
  "hint": "Create a free key at app.reqres.in and send it as x-api-key.",
  "next_steps": [
    "Go to app.reqres.in/api-keys to get your key",
    "Add header: x-api-key: <your_key>",
    "For app user endpoints, use Authorization: Bearer <session_token> instead"
  ],
  "docs_url": "https://app.reqres.in/docs#authentication",
  "example_curl": "curl -H \"x-api-key: YOUR_API_KEY\" https://api.reqres.in/api/collections",
  "_meta": {
    "powered_by": "ReqRes",
    "docs_url": "https://app.reqres.in/documentation",
    "upgrade_url": "https://app.reqres.in/upgrade",
    "example_url": "https://app.reqres.in/examples/notes-app",
    "variant": "v1_b",
    "message": "Missing/invalid key. Grab a free key to keep responses consistent.",
    "cta": {
      "label": "Get started",
      "url": "https://app.reqres.in/api-keys"
    },
    "context": "invalid_key"
  }
}
2026-07-08 18:45:36 [INFO] API Execution Completed.
2026-07-08 18:45:36 [INFO] ==============================================
2026-07-08 18:45:36 [INFO] ==============================================
2026-07-08 18:45:36 [INFO] HTTP Method : GET
2026-07-08 18:45:36 [INFO] Request URL : https://reqres.in/api/users/2
2026-07-08 18:45:36 [INFO] Response Status : 401
2026-07-08 18:45:36 [INFO] Response Body :
{
  "error": "missing_api_key",
  "message": "The x-api-key header is required for this endpoint.",
  "hint": "Create a free key at app.reqres.in and send it as x-api-key.",
  "next_steps": [
    "Go to app.reqres.in/api-keys to get your key",
    "Add header: x-api-key: <your_key>",
    "For app user endpoints, use Authorization: Bearer <session_token> instead"
  ],
  "docs_url": "https://app.reqres.in/docs#authentication",
  "example_curl": "curl -H \"x-api-key: YOUR_API_KEY\" https://api.reqres.in/api/collections",
  "_meta": {
    "powered_by": "ReqRes",
    "docs_url": "https://app.reqres.in/documentation",
    "upgrade_url": "https://app.reqres.in/upgrade",
    "example_url": "https://app.reqres.in/examples/notes-app",
    "variant": "v1_b",
    "message": "Missing/invalid key. Grab a free key to keep responses consistent.",
    "cta": {
      "label": "Get started",
      "url": "https://app.reqres.in/api-keys"
    },
    "context": "invalid_key"
  }
}
2026-07-08 18:45:36 [INFO] API Execution Completed.
2026-07-08 18:45:36 [INFO] ==============================================
2026-07-08 18:45:36 [INFO] ==============================================
2026-07-08 18:45:36 [INFO] HTTP Method : GET
2026-07-08 18:45:36 [INFO] Request URL : https://reqres.in/api/users/2
2026-07-08 18:45:37 [INFO] Response Status : 401
2026-07-08 18:45:37 [INFO] Response Body :
{
  "error": "missing_api_key",
  "message": "The x-api-key header is required for this endpoint.",
  "hint": "Create a free key at app.reqres.in and send it as x-api-key.",
  "next_steps": [
    "Go to app.reqres.in/api-keys to get your key",
    "Add header: x-api-key: <your_key>",
    "For app user endpoints, use Authorization: Bearer <session_token> instead"
  ],
  "docs_url": "https://app.reqres.in/docs#authentication",
  "example_curl": "curl -H \"x-api-key: YOUR_API_KEY\" https://api.reqres.in/api/collections",
  "_meta": {
    "powered_by": "ReqRes",
    "docs_url": "https://app.reqres.in/documentation",
    "upgrade_url": "https://app.reqres.in/upgrade",
    "example_url": "https://app.reqres.in/examples/notes-app",
    "variant": "v1_b",
    "message": "Missing/invalid key. Grab a free key to keep responses consistent.",
    "cta": {
      "label": "Get started",
      "url": "https://app.reqres.in/api-keys"
    },
    "context": "invalid_key"
  }
}
2026-07-08 18:45:37 [INFO] API Execution Completed.
2026-07-08 18:45:37 [INFO] ==============================================
2026-07-08 18:55:51 [INFO] ==============================================
2026-07-08 18:55:51 [INFO] HTTP Method : GET
2026-07-08 18:55:51 [INFO] Request URL : https://reqres.in/api/users/2
2026-07-08 18:55:51 [INFO] Response Status : 200
2026-07-08 18:55:51 [INFO] Response Body :
{
  "data": {
    "id": 2,
    "email": "janet.weaver@reqres.in",
    "first_name": "Janet",
    "last_name": "Weaver",
    "avatar": "https://reqres.in/img/faces/2-image.jpg"
  },
  "support": {
    "url": "https://benhowdle.im/first-cto-playbook?utm_source=reqres&utm_medium=json&utm_campaign=referral",
    "text": "Become a better CTO. A playbook of painful stories and practical advice from a two-time startup CTO."
  },
  "_meta": {
    "powered_by": "ReqRes",
    "docs_url": "https://app.reqres.in/documentation",
    "upgrade_url": "https://app.reqres.in/upgrade",
    "example_url": "https://app.reqres.in/examples/notes-app",
    "variant": "v1_b",
    "message": "This is a read-only demo endpoint. Sign up to create your own collections with full CRUD and auth.",
    "cta": {
      "label": "Get started",
      "url": "https://app.reqres.in/upgrade"
    },
    "context": "legacy_success"
  }
}
2026-07-08 18:55:51 [INFO] API Execution Completed.
2026-07-08 18:55:51 [INFO] ==============================================
2026-07-08 18:55:51 [INFO] ==============================================
2026-07-08 18:55:51 [INFO] HTTP Method : GET
2026-07-08 18:55:51 [INFO] Request URL : https://reqres.in/api/users/2
2026-07-08 18:55:51 [INFO] Response Status : 200
2026-07-08 18:55:51 [INFO] Response Body :
{
  "data": {
    "id": 2,
    "email": "janet.weaver@reqres.in",
    "first_name": "Janet",
    "last_name": "Weaver",
    "avatar": "https://reqres.in/img/faces/2-image.jpg"
  },
  "support": {
    "url": "https://benhowdle.im/first-cto-playbook?utm_source=reqres&utm_medium=json&utm_campaign=referral",
    "text": "Become a better CTO. A playbook of painful stories and practical advice from a two-time startup CTO."
  },
  "_meta": {
    "powered_by": "ReqRes",
    "docs_url": "https://app.reqres.in/documentation",
    "upgrade_url": "https://app.reqres.in/upgrade",
    "example_url": "https://app.reqres.in/examples/notes-app",
    "variant": "v1_b",
    "message": "This is a read-only demo endpoint. Sign up to create your own collections with full CRUD and auth.",
    "cta": {
      "label": "Get started",
      "url": "https://app.reqres.in/upgrade"
    },
    "context": "legacy_success"
  }
}
2026-07-08 18:55:51 [INFO] API Execution Completed.
2026-07-08 18:55:51 [INFO] ==============================================
2026-07-08 18:55:51 [INFO] ==============================================
2026-07-08 18:55:51 [INFO] HTTP Method : GET
2026-07-08 18:55:51 [INFO] Request URL : https://reqres.in/api/users/2
2026-07-08 18:55:51 [INFO] Response Status : 200
2026-07-08 18:55:51 [INFO] Response Body :
{
  "data": {
    "id": 2,
    "email": "janet.weaver@reqres.in",
    "first_name": "Janet",
    "last_name": "Weaver",
    "avatar": "https://reqres.in/img/faces/2-image.jpg"
  },
  "support": {
    "url": "https://benhowdle.im/first-cto-playbook?utm_source=reqres&utm_medium=json&utm_campaign=referral",
    "text": "Become a better CTO. A playbook of painful stories and practical advice from a two-time startup CTO."
  },
  "_meta": {
    "powered_by": "ReqRes",
    "docs_url": "https://app.reqres.in/documentation",
    "upgrade_url": "https://app.reqres.in/upgrade",
    "example_url": "https://app.reqres.in/examples/notes-app",
    "variant": "v1_b",
    "message": "This is a read-only demo endpoint. Sign up to create your own collections with full CRUD and auth.",
    "cta": {
      "label": "Get started",
      "url": "https://app.reqres.in/upgrade"
    },
    "context": "legacy_success"
  }
}
2026-07-08 18:55:51 [INFO] API Execution Completed.
2026-07-08 18:55:51 [INFO] ==============================================
2026-07-08 19:00:45 [INFO] ==============================================
2026-07-08 19:00:45 [INFO] HTTP Method : GET
2026-07-08 19:00:45 [INFO] Request URL : https://reqres.in/api/users/2
2026-07-08 19:00:46 [INFO] Response Status : 200
2026-07-08 19:00:46 [INFO] Response Body :
{
  "data": {
    "id": 2,
    "email": "janet.weaver@reqres.in",
    "first_name": "Janet",
    "last_name": "Weaver",
    "avatar": "https://reqres.in/img/faces/2-image.jpg"
  },
  "support": {
    "url": "https://benhowdle.im/first-cto-playbook?utm_source=reqres&utm_medium=json&utm_campaign=referral",
    "text": "Become a better CTO. A playbook of painful stories and practical advice from a two-time startup CTO."
  },
  "_meta": {
    "powered_by": "ReqRes",
    "docs_url": "https://app.reqres.in/documentation",
    "upgrade_url": "https://app.reqres.in/upgrade",
    "example_url": "https://app.reqres.in/examples/notes-app",
    "variant": "v1_b",
    "message": "This is a read-only demo endpoint. Sign up to create your own collections with full CRUD and auth.",
    "cta": {
      "label": "Get started",
      "url": "https://app.reqres.in/upgrade"
    },
    "context": "legacy_success"
  }
}
2026-07-08 19:00:46 [INFO] API Execution Completed.
2026-07-08 19:00:46 [INFO] ==============================================
2026-07-08 19:00:46 [INFO] ==============================================
2026-07-08 19:00:46 [INFO] HTTP Method : GET
2026-07-08 19:00:46 [INFO] Request URL : https://reqres.in/api/users/2
2026-07-08 19:00:46 [INFO] Response Status : 200
2026-07-08 19:00:46 [INFO] Response Body :
{
  "data": {
    "id": 2,
    "email": "janet.weaver@reqres.in",
    "first_name": "Janet",
    "last_name": "Weaver",
    "avatar": "https://reqres.in/img/faces/2-image.jpg"
  },
  "support": {
    "url": "https://benhowdle.im/first-cto-playbook?utm_source=reqres&utm_medium=json&utm_campaign=referral",
    "text": "Become a better CTO. A playbook of painful stories and practical advice from a two-time startup CTO."
  },
  "_meta": {
    "powered_by": "ReqRes",
    "docs_url": "https://app.reqres.in/documentation",
    "upgrade_url": "https://app.reqres.in/upgrade",
    "example_url": "https://app.reqres.in/examples/notes-app",
    "variant": "v1_b",
    "message": "This is a read-only demo endpoint. Sign up to create your own collections with full CRUD and auth.",
    "cta": {
      "label": "Get started",
      "url": "https://app.reqres.in/upgrade"
    },
    "context": "legacy_success"
  }
}
2026-07-08 19:00:46 [INFO] API Execution Completed.
2026-07-08 19:00:46 [INFO] ==============================================
2026-07-08 19:00:46 [INFO] ==============================================
2026-07-08 19:00:46 [INFO] HTTP Method : GET
2026-07-08 19:00:46 [INFO] Request URL : https://reqres.in/api/users/2
2026-07-08 19:00:46 [INFO] Response Status : 200
2026-07-08 19:00:46 [INFO] Response Body :
{
  "data": {
    "id": 2,
    "email": "janet.weaver@reqres.in",
    "first_name": "Janet",
    "last_name": "Weaver",
    "avatar": "https://reqres.in/img/faces/2-image.jpg"
  },
  "support": {
    "url": "https://benhowdle.im/first-cto-playbook?utm_source=reqres&utm_medium=json&utm_campaign=referral",
    "text": "Become a better CTO. A playbook of painful stories and practical advice from a two-time startup CTO."
  },
  "_meta": {
    "powered_by": "ReqRes",
    "docs_url": "https://app.reqres.in/documentation",
    "upgrade_url": "https://app.reqres.in/upgrade",
    "example_url": "https://app.reqres.in/examples/notes-app",
    "variant": "v1_b",
    "message": "This is a read-only demo endpoint. Sign up to create your own collections with full CRUD and auth.",
    "cta": {
      "label": "Get started",
      "url": "https://app.reqres.in/upgrade"
    },
    "context": "legacy_success"
  }
}
2026-07-08 19:00:46 [INFO] API Execution Completed.
2026-07-08 19:00:46 [INFO] ==============================================
2026-07-08 21:13:16 [INFO] ==============================================
2026-07-08 21:13:16 [INFO] HTTP Method : GET
2026-07-08 21:13:16 [INFO] Request URL : https://reqres.in/api/users/2
2026-07-08 21:13:16 [INFO] Request Headers :
{
  "x-api-key": "pro_fafa16755c89ee2288ecc99d4e600a0f23efea710fa020d402c43c0d1ae77777"
}
2026-07-08 21:13:16 [INFO] Response Status : 200
2026-07-08 21:13:16 [INFO] Response Body :
{
  "data": {
    "id": 2,
    "email": "janet.weaver@reqres.in",
    "first_name": "Janet",
    "last_name": "Weaver",
    "avatar": "https://reqres.in/img/faces/2-image.jpg"
  },
  "support": {
    "url": "https://benhowdle.im/first-cto-playbook?utm_source=reqres&utm_medium=json&utm_campaign=referral",
    "text": "Become a better CTO. A playbook of painful stories and practical advice from a two-time startup CTO."
  },
  "_meta": {
    "powered_by": "ReqRes",
    "docs_url": "https://app.reqres.in/documentation",
    "upgrade_url": "https://app.reqres.in/upgrade",
    "example_url": "https://app.reqres.in/examples/notes-app",
    "variant": "v1_b",
    "message": "This is a read-only demo endpoint. Sign up to create your own collections with full CRUD and auth.",
    "cta": {
      "label": "Get started",
      "url": "https://app.reqres.in/upgrade"
    },
    "context": "legacy_success"
  }
}
2026-07-08 21:13:16 [INFO] API Execution Completed.
2026-07-08 21:13:16 [INFO] ==============================================
2026-07-08 21:13:16 [INFO] ==============================================
2026-07-08 21:13:16 [INFO] HTTP Method : GET
2026-07-08 21:13:16 [INFO] Request URL : https://reqres.in/api/users/2
2026-07-08 21:13:16 [INFO] Request Headers :
{}
2026-07-08 21:13:16 [INFO] Response Status : 200
2026-07-08 21:13:16 [INFO] Response Body :
{
  "data": {
    "id": 2,
    "email": "janet.weaver@reqres.in",
    "first_name": "Janet",
    "last_name": "Weaver",
    "avatar": "https://reqres.in/img/faces/2-image.jpg"
  },
  "support": {
    "url": "https://benhowdle.im/first-cto-playbook?utm_source=reqres&utm_medium=json&utm_campaign=referral",
    "text": "Become a better CTO. A playbook of painful stories and practical advice from a two-time startup CTO."
  },
  "_meta": {
    "powered_by": "ReqRes",
    "docs_url": "https://app.reqres.in/documentation",
    "upgrade_url": "https://app.reqres.in/upgrade",
    "example_url": "https://app.reqres.in/examples/notes-app",
    "variant": "v1_b",
    "message": "This is a read-only demo endpoint. Sign up to create your own collections with full CRUD and auth.",
    "cta": {
      "label": "Get started",
      "url": "https://app.reqres.in/upgrade"
    },
    "context": "legacy_success"
  }
}
2026-07-08 21:13:16 [INFO] API Execution Completed.
2026-07-08 21:13:16 [INFO] ==============================================
2026-07-08 21:13:16 [INFO] ==============================================
2026-07-08 21:13:16 [INFO] HTTP Method : GET
2026-07-08 21:13:16 [INFO] Request URL : https://reqres.in/api/users/2
2026-07-08 21:13:16 [INFO] Request Headers :
{
  "x-api-key": "pro_fafa16755c89ee2288ecc99d4e600a0f23efea710fa020d402c43c0d1ae77777"
}
2026-07-08 21:13:16 [INFO] Response Status : 200
2026-07-08 21:13:16 [INFO] Response Body :
{
  "data": {
    "id": 2,
    "email": "janet.weaver@reqres.in",
    "first_name": "Janet",
    "last_name": "Weaver",
    "avatar": "https://reqres.in/img/faces/2-image.jpg"
  },
  "support": {
    "url": "https://benhowdle.im/first-cto-playbook?utm_source=reqres&utm_medium=json&utm_campaign=referral",
    "text": "Become a better CTO. A playbook of painful stories and practical advice from a two-time startup CTO."
  },
  "_meta": {
    "powered_by": "ReqRes",
    "docs_url": "https://app.reqres.in/documentation",
    "upgrade_url": "https://app.reqres.in/upgrade",
    "example_url": "https://app.reqres.in/examples/notes-app",
    "variant": "v1_b",
    "message": "This is a read-only demo endpoint. Sign up to create your own collections with full CRUD and auth.",
    "cta": {
      "label": "Get started",
      "url": "https://app.reqres.in/upgrade"
    },
    "context": "legacy_success"
  }
}
2026-07-08 21:13:16 [INFO] API Execution Completed.
2026-07-08 21:13:16 [INFO] ==============================================
2026-07-08 21:16:05 [INFO] ==============================================
2026-07-08 21:16:05 [INFO] HTTP Method : GET
2026-07-08 21:16:05 [INFO] Request URL : https://reqres.in/api/users/2
2026-07-08 21:16:05 [INFO] Request Headers :
{
  "x-api-key": "pro_fafa16755c89ee2288ecc99d4e600a0f23efea710fa020d402c43c0d1ae77777"
}
2026-07-08 21:16:05 [INFO] Request Headers :
{
  "x-api-key": "pro_fafa16755c89ee2288ecc99d4e600a0f23efea710fa020d402c43c0d1ae77777"
}
2026-07-08 21:16:06 [INFO] Response Status : 200
2026-07-08 21:16:06 [INFO] Response Body :
{
  "data": {
    "id": 2,
    "email": "janet.weaver@reqres.in",
    "first_name": "Janet",
    "last_name": "Weaver",
    "avatar": "https://reqres.in/img/faces/2-image.jpg"
  },
  "support": {
    "url": "https://benhowdle.im/first-cto-playbook?utm_source=reqres&utm_medium=json&utm_campaign=referral",
    "text": "Become a better CTO. A playbook of painful stories and practical advice from a two-time startup CTO."
  },
  "_meta": {
    "powered_by": "ReqRes",
    "docs_url": "https://app.reqres.in/documentation",
    "upgrade_url": "https://app.reqres.in/upgrade",
    "example_url": "https://app.reqres.in/examples/notes-app",
    "variant": "v1_b",
    "message": "This is a read-only demo endpoint. Sign up to create your own collections with full CRUD and auth.",
    "cta": {
      "label": "Get started",
      "url": "https://app.reqres.in/upgrade"
    },
    "context": "legacy_success"
  }
}
2026-07-08 21:16:06 [INFO] API Execution Completed.
2026-07-08 21:16:06 [INFO] ==============================================
2026-07-08 21:16:06 [INFO] ==============================================
2026-07-08 21:16:06 [INFO] HTTP Method : GET
2026-07-08 21:16:06 [INFO] Request URL : https://reqres.in/api/users/2
2026-07-08 21:16:06 [INFO] Request Headers :
{}
2026-07-08 21:16:06 [INFO] Request Headers :
{}
2026-07-08 21:16:06 [INFO] Response Status : 200
2026-07-08 21:16:06 [INFO] Response Body :
{
  "data": {
    "id": 2,
    "email": "janet.weaver@reqres.in",
    "first_name": "Janet",
    "last_name": "Weaver",
    "avatar": "https://reqres.in/img/faces/2-image.jpg"
  },
  "support": {
    "url": "https://benhowdle.im/first-cto-playbook?utm_source=reqres&utm_medium=json&utm_campaign=referral",
    "text": "Become a better CTO. A playbook of painful stories and practical advice from a two-time startup CTO."
  },
  "_meta": {
    "powered_by": "ReqRes",
    "docs_url": "https://app.reqres.in/documentation",
    "upgrade_url": "https://app.reqres.in/upgrade",
    "example_url": "https://app.reqres.in/examples/notes-app",
    "variant": "v1_b",
    "message": "This is a read-only demo endpoint. Sign up to create your own collections with full CRUD and auth.",
    "cta": {
      "label": "Get started",
      "url": "https://app.reqres.in/upgrade"
    },
    "context": "legacy_success"
  }
}
2026-07-08 21:16:06 [INFO] API Execution Completed.
2026-07-08 21:16:06 [INFO] ==============================================
2026-07-08 21:16:06 [INFO] ==============================================
2026-07-08 21:16:06 [INFO] HTTP Method : GET
2026-07-08 21:16:06 [INFO] Request URL : https://reqres.in/api/users/2
2026-07-08 21:16:06 [INFO] Request Headers :
{
  "x-api-key": "pro_fafa16755c89ee2288ecc99d4e600a0f23efea710fa020d402c43c0d1ae77777"
}
2026-07-08 21:16:06 [INFO] Request Headers :
{
  "x-api-key": "pro_fafa16755c89ee2288ecc99d4e600a0f23efea710fa020d402c43c0d1ae77777"
}
2026-07-08 21:16:06 [INFO] Response Status : 200
2026-07-08 21:16:06 [INFO] Response Body :
{
  "data": {
    "id": 2,
    "email": "janet.weaver@reqres.in",
    "first_name": "Janet",
    "last_name": "Weaver",
    "avatar": "https://reqres.in/img/faces/2-image.jpg"
  },
  "support": {
    "url": "https://benhowdle.im/first-cto-playbook?utm_source=reqres&utm_medium=json&utm_campaign=referral",
    "text": "Become a better CTO. A playbook of painful stories and practical advice from a two-time startup CTO."
  },
  "_meta": {
    "powered_by": "ReqRes",
    "docs_url": "https://app.reqres.in/documentation",
    "upgrade_url": "https://app.reqres.in/upgrade",
    "example_url": "https://app.reqres.in/examples/notes-app",
    "variant": "v1_b",
    "message": "This is a read-only demo endpoint. Sign up to create your own collections with full CRUD and auth.",
    "cta": {
      "label": "Get started",
      "url": "https://app.reqres.in/upgrade"
    },
    "context": "legacy_success"
  }
}
2026-07-08 21:16:06 [INFO] API Execution Completed.
2026-07-08 21:16:06 [INFO] ==============================================
2026-07-08 21:16:17 [INFO] ==============================================
2026-07-08 21:16:17 [INFO] HTTP Method : GET
2026-07-08 21:16:17 [INFO] Request URL : https://reqres.in/api/users/2
2026-07-08 21:16:17 [INFO] Request Headers :
{
  "x-api-key": "pro_fafa16755c89ee2288ecc99d4e600a0f23efea710fa020d402c43c0d1ae77777"
}
2026-07-08 21:16:17 [INFO] Request Headers :
{
  "x-api-key": "pro_fafa16755c89ee2288ecc99d4e600a0f23efea710fa020d402c43c0d1ae77777"
}
2026-07-08 21:16:17 [INFO] Response Status : 200
2026-07-08 21:16:17 [INFO] Response Body :
{
  "data": {
    "id": 2,
    "email": "janet.weaver@reqres.in",
    "first_name": "Janet",
    "last_name": "Weaver",
    "avatar": "https://reqres.in/img/faces/2-image.jpg"
  },
  "support": {
    "url": "https://benhowdle.im/first-cto-playbook?utm_source=reqres&utm_medium=json&utm_campaign=referral",
    "text": "Become a better CTO. A playbook of painful stories and practical advice from a two-time startup CTO."
  },
  "_meta": {
    "powered_by": "ReqRes",
    "docs_url": "https://app.reqres.in/documentation",
    "upgrade_url": "https://app.reqres.in/upgrade",
    "example_url": "https://app.reqres.in/examples/notes-app",
    "variant": "v1_b",
    "message": "This is a read-only demo endpoint. Sign up to create your own collections with full CRUD and auth.",
    "cta": {
      "label": "Get started",
      "url": "https://app.reqres.in/upgrade"
    },
    "context": "legacy_success"
  }
}
2026-07-08 21:16:17 [INFO] API Execution Completed.
2026-07-08 21:16:17 [INFO] ==============================================
2026-07-08 21:16:17 [INFO] ==============================================
2026-07-08 21:16:17 [INFO] HTTP Method : GET
2026-07-08 21:16:17 [INFO] Request URL : https://reqres.in/api/users/2
2026-07-08 21:16:17 [INFO] Request Headers :
{}
2026-07-08 21:16:17 [INFO] Request Headers :
{}
2026-07-08 21:16:17 [INFO] Response Status : 200
2026-07-08 21:16:17 [INFO] Response Body :
{
  "data": {
    "id": 2,
    "email": "janet.weaver@reqres.in",
    "first_name": "Janet",
    "last_name": "Weaver",
    "avatar": "https://reqres.in/img/faces/2-image.jpg"
  },
  "support": {
    "url": "https://benhowdle.im/first-cto-playbook?utm_source=reqres&utm_medium=json&utm_campaign=referral",
    "text": "Become a better CTO. A playbook of painful stories and practical advice from a two-time startup CTO."
  },
  "_meta": {
    "powered_by": "ReqRes",
    "docs_url": "https://app.reqres.in/documentation",
    "upgrade_url": "https://app.reqres.in/upgrade",
    "example_url": "https://app.reqres.in/examples/notes-app",
    "variant": "v1_b",
    "message": "This is a read-only demo endpoint. Sign up to create your own collections with full CRUD and auth.",
    "cta": {
      "label": "Get started",
      "url": "https://app.reqres.in/upgrade"
    },
    "context": "legacy_success"
  }
}
2026-07-08 21:16:17 [INFO] API Execution Completed.
2026-07-08 21:16:17 [INFO] ==============================================
2026-07-08 21:16:17 [INFO] ==============================================
2026-07-08 21:16:17 [INFO] HTTP Method : GET
2026-07-08 21:16:17 [INFO] Request URL : https://reqres.in/api/users/2
2026-07-08 21:16:17 [INFO] Request Headers :
{
  "x-api-key": "pro_fafa16755c89ee2288ecc99d4e600a0f23efea710fa020d402c43c0d1ae77777"
}
2026-07-08 21:16:17 [INFO] Request Headers :
{
  "x-api-key": "pro_fafa16755c89ee2288ecc99d4e600a0f23efea710fa020d402c43c0d1ae77777"
}
2026-07-08 21:16:17 [INFO] Response Status : 200
2026-07-08 21:16:17 [INFO] Response Body :
{
  "data": {
    "id": 2,
    "email": "janet.weaver@reqres.in",
    "first_name": "Janet",
    "last_name": "Weaver",
    "avatar": "https://reqres.in/img/faces/2-image.jpg"
  },
  "support": {
    "url": "https://benhowdle.im/first-cto-playbook?utm_source=reqres&utm_medium=json&utm_campaign=referral",
    "text": "Become a better CTO. A playbook of painful stories and practical advice from a two-time startup CTO."
  },
  "_meta": {
    "powered_by": "ReqRes",
    "docs_url": "https://app.reqres.in/documentation",
    "upgrade_url": "https://app.reqres.in/upgrade",
    "example_url": "https://app.reqres.in/examples/notes-app",
    "variant": "v1_b",
    "message": "This is a read-only demo endpoint. Sign up to create your own collections with full CRUD and auth.",
    "cta": {
      "label": "Get started",
      "url": "https://app.reqres.in/upgrade"
    },
    "context": "legacy_success"
  }
}
2026-07-08 21:16:17 [INFO] API Execution Completed.
2026-07-08 21:16:17 [INFO] ==============================================
2026-07-08 23:40:47 [INFO] ==============================================
2026-07-08 23:40:47 [INFO] HTTP Method : GET
2026-07-08 23:40:47 [INFO] Request URL : https://reqres.in/api/users/2
2026-07-08 23:40:47 [INFO] Request Headers :
{
  "x-api-key": "pro_fafa16755c89ee2288ecc99d4e600a0f23efea710fa020d402c43c0d1ae77777"
}
2026-07-08 23:40:47 [INFO] Request Headers :
{
  "x-api-key": "pro_fafa16755c89ee2288ecc99d4e600a0f23efea710fa020d402c43c0d1ae77777"
}
2026-07-08 23:40:47 [INFO] Response Status : 200
2026-07-08 23:40:47 [INFO] Response Body :
{
  "data": {
    "id": 2,
    "email": "janet.weaver@reqres.in",
    "first_name": "Janet",
    "last_name": "Weaver",
    "avatar": "https://reqres.in/img/faces/2-image.jpg"
  },
  "support": {
    "url": "https://benhowdle.im/first-cto-playbook?utm_source=reqres&utm_medium=json&utm_campaign=referral",
    "text": "Become a better CTO. A playbook of painful stories and practical advice from a two-time startup CTO."
  },
  "_meta": {
    "powered_by": "ReqRes",
    "docs_url": "https://app.reqres.in/documentation",
    "upgrade_url": "https://app.reqres.in/upgrade",
    "example_url": "https://app.reqres.in/examples/notes-app",
    "variant": "v1_b",
    "message": "This is a read-only demo endpoint. Sign up to create your own collections with full CRUD and auth.",
    "cta": {
      "label": "Get started",
      "url": "https://app.reqres.in/upgrade"
    },
    "context": "legacy_success"
  }
}
2026-07-08 23:40:47 [INFO] API Execution Completed.
2026-07-08 23:40:47 [INFO] ==============================================
2026-07-08 23:40:47 [INFO] ==============================================
2026-07-08 23:40:47 [INFO] HTTP Method : GET
2026-07-08 23:40:47 [INFO] Request URL : https://reqres.in/api/users/2
2026-07-08 23:40:47 [INFO] Request Headers :
{}
2026-07-08 23:40:47 [INFO] Request Headers :
{}
2026-07-08 23:40:47 [INFO] Response Status : 200
2026-07-08 23:40:47 [INFO] Response Body :
{
  "data": {
    "id": 2,
    "email": "janet.weaver@reqres.in",
    "first_name": "Janet",
    "last_name": "Weaver",
    "avatar": "https://reqres.in/img/faces/2-image.jpg"
  },
  "support": {
    "url": "https://benhowdle.im/first-cto-playbook?utm_source=reqres&utm_medium=json&utm_campaign=referral",
    "text": "Become a better CTO. A playbook of painful stories and practical advice from a two-time startup CTO."
  },
  "_meta": {
    "powered_by": "ReqRes",
    "docs_url": "https://app.reqres.in/documentation",
    "upgrade_url": "https://app.reqres.in/upgrade",
    "example_url": "https://app.reqres.in/examples/notes-app",
    "variant": "v1_b",
    "message": "This is a read-only demo endpoint. Sign up to create your own collections with full CRUD and auth.",
    "cta": {
      "label": "Get started",
      "url": "https://app.reqres.in/upgrade"
    },
    "context": "legacy_success"
  }
}
2026-07-08 23:40:47 [INFO] API Execution Completed.
2026-07-08 23:40:47 [INFO] ==============================================
2026-07-08 23:40:47 [INFO] ==============================================
2026-07-08 23:40:47 [INFO] HTTP Method : GET
2026-07-08 23:40:47 [INFO] Request URL : https://reqres.in/api/users/2
2026-07-08 23:40:47 [INFO] Request Headers :
{
  "x-api-key": "123456789"
}
2026-07-08 23:40:47 [INFO] Request Headers :
{
  "x-api-key": "123456789"
}
2026-07-08 23:40:47 [INFO] Response Status : 200
2026-07-08 23:40:47 [INFO] Response Body :
{
  "data": {
    "id": 2,
    "email": "janet.weaver@reqres.in",
    "first_name": "Janet",
    "last_name": "Weaver",
    "avatar": "https://reqres.in/img/faces/2-image.jpg"
  },
  "support": {
    "url": "https://benhowdle.im/first-cto-playbook?utm_source=reqres&utm_medium=json&utm_campaign=referral",
    "text": "Become a better CTO. A playbook of painful stories and practical advice from a two-time startup CTO."
  },
  "_meta": {
    "powered_by": "ReqRes",
    "docs_url": "https://app.reqres.in/documentation",
    "upgrade_url": "https://app.reqres.in/upgrade",
    "example_url": "https://app.reqres.in/examples/notes-app",
    "variant": "v1_b",
    "message": "This is a read-only demo endpoint. Sign up to create your own collections with full CRUD and auth.",
    "cta": {
      "label": "Get started",
      "url": "https://app.reqres.in/upgrade"
    },
    "context": "legacy_success"
  }
}
2026-07-08 23:40:47 [INFO] API Execution Completed.
2026-07-08 23:40:47 [INFO] ==============================================
2026-07-08 23:50:01 [INFO] ==============================================
2026-07-08 23:50:01 [INFO] HTTP Method : GET
2026-07-08 23:50:01 [INFO] Request URL : https://reqres.in/api/users/2
2026-07-08 23:50:01 [INFO] Request Headers :
{
  "x-api-key": "pro_fafa16755c89ee2288ecc99d4e600a0f23efea710fa020d402c43c0d1ae77777"
}
2026-07-08 23:50:01 [INFO] Request Headers :
{
  "x-api-key": "pro_fafa16755c89ee2288ecc99d4e600a0f23efea710fa020d402c43c0d1ae77777"
}
2026-07-08 23:50:02 [INFO] Response Status : 200
2026-07-08 23:50:02 [INFO] Response Body :
{
  "data": {
    "id": 2,
    "email": "janet.weaver@reqres.in",
    "first_name": "Janet",
    "last_name": "Weaver",
    "avatar": "https://reqres.in/img/faces/2-image.jpg"
  },
  "support": {
    "url": "https://benhowdle.im/first-cto-playbook?utm_source=reqres&utm_medium=json&utm_campaign=referral",
    "text": "Become a better CTO. A playbook of painful stories and practical advice from a two-time startup CTO."
  },
  "_meta": {
    "powered_by": "ReqRes",
    "docs_url": "https://app.reqres.in/documentation",
    "upgrade_url": "https://app.reqres.in/upgrade",
    "example_url": "https://app.reqres.in/examples/notes-app",
    "variant": "v1_b",
    "message": "This is a read-only demo endpoint. Sign up to create your own collections with full CRUD and auth.",
    "cta": {
      "label": "Get started",
      "url": "https://app.reqres.in/upgrade"
    },
    "context": "legacy_success"
  }
}
2026-07-08 23:50:02 [INFO] API Execution Completed.
2026-07-08 23:50:02 [INFO] ==============================================
2026-07-08 23:50:02 [INFO] ==============================================
2026-07-08 23:50:02 [INFO] HTTP Method : GET
2026-07-08 23:50:02 [INFO] Request URL : https://reqres.in/api/users/2
2026-07-08 23:50:02 [INFO] Request Headers :
{}
2026-07-08 23:50:02 [INFO] Request Headers :
{}
2026-07-08 23:50:02 [INFO] Response Status : 200
2026-07-08 23:50:02 [INFO] Response Body :
{
  "data": {
    "id": 2,
    "email": "janet.weaver@reqres.in",
    "first_name": "Janet",
    "last_name": "Weaver",
    "avatar": "https://reqres.in/img/faces/2-image.jpg"
  },
  "support": {
    "url": "https://benhowdle.im/first-cto-playbook?utm_source=reqres&utm_medium=json&utm_campaign=referral",
    "text": "Become a better CTO. A playbook of painful stories and practical advice from a two-time startup CTO."
  },
  "_meta": {
    "powered_by": "ReqRes",
    "docs_url": "https://app.reqres.in/documentation",
    "upgrade_url": "https://app.reqres.in/upgrade",
    "example_url": "https://app.reqres.in/examples/notes-app",
    "variant": "v1_b",
    "message": "This is a read-only demo endpoint. Sign up to create your own collections with full CRUD and auth.",
    "cta": {
      "label": "Get started",
      "url": "https://app.reqres.in/upgrade"
    },
    "context": "legacy_success"
  }
}
2026-07-08 23:50:02 [INFO] API Execution Completed.
2026-07-08 23:50:02 [INFO] ==============================================
2026-07-08 23:50:02 [INFO] ==============================================
2026-07-08 23:50:02 [INFO] HTTP Method : GET
2026-07-08 23:50:02 [INFO] Request URL : https://reqres.in/api/users/2
2026-07-08 23:50:02 [INFO] Request Headers :
{
  "x-api-key": "123456789"
}
2026-07-08 23:50:02 [INFO] Request Headers :
{
  "x-api-key": "123456789"
}
2026-07-08 23:50:02 [INFO] Response Status : 200
2026-07-08 23:50:02 [INFO] Response Body :
{
  "data": {
    "id": 2,
    "email": "janet.weaver@reqres.in",
    "first_name": "Janet",
    "last_name": "Weaver",
    "avatar": "https://reqres.in/img/faces/2-image.jpg"
  },
  "support": {
    "url": "https://benhowdle.im/first-cto-playbook?utm_source=reqres&utm_medium=json&utm_campaign=referral",
    "text": "Become a better CTO. A playbook of painful stories and practical advice from a two-time startup CTO."
  },
  "_meta": {
    "powered_by": "ReqRes",
    "docs_url": "https://app.reqres.in/documentation",
    "upgrade_url": "https://app.reqres.in/upgrade",
    "example_url": "https://app.reqres.in/examples/notes-app",
    "variant": "v1_b",
    "message": "This is a read-only demo endpoint. Sign up to create your own collections with full CRUD and auth.",
    "cta": {
      "label": "Get started",
      "url": "https://app.reqres.in/upgrade"
    },
    "context": "legacy_success"
  }
}
2026-07-08 23:50:02 [INFO] API Execution Completed.
2026-07-08 23:50:02 [INFO] ==============================================
2026-07-08 23:50:02 [INFO] ==============================================
2026-07-08 23:50:02 [INFO] HTTP Method : POST
2026-07-08 23:50:02 [INFO] Request URL : https://reqres.in/api/users
2026-07-08 23:50:02 [INFO] Request Headers :
{
  "x-api-key": "pro_fafa16755c89ee2288ecc99d4e600a0f23efea710fa020d402c43c0d1ae77777"
}
2026-07-08 23:50:02 [INFO] Request Headers :
{
  "x-api-key": "pro_fafa16755c89ee2288ecc99d4e600a0f23efea710fa020d402c43c0d1ae77777"
}
2026-07-08 23:50:02 [INFO] Request Body :
{
  "name": "Adeline_1783534802756",
  "job": "Regional Identity Director"
}
2026-07-08 23:50:03 [INFO] Response Status : 201
2026-07-08 23:50:03 [INFO] Response Body :
{
  "name": "Adeline_1783534802756",
  "job": "Regional Identity Director",
  "id": "644",
  "createdAt": "2026-07-08T18:20:03.067Z",
  "_meta": {
    "powered_by": "ReqRes",
    "docs_url": "https://app.reqres.in/documentation",
    "upgrade_url": "https://app.reqres.in/upgrade",
    "example_url": "https://app.reqres.in/examples/notes-app",
    "variant": "v1_b",
    "message": "This is a read-only demo endpoint. Sign up to create your own collections with full CRUD and auth.",
    "cta": {
      "label": "Get started",
      "url": "https://app.reqres.in/upgrade"
    },
    "context": "legacy_success"
  }
}
2026-07-08 23:50:03 [INFO] API Execution Completed.
2026-07-08 23:50:03 [INFO] ==============================================
2026-07-08 23:50:03 [INFO] ==============================================
2026-07-08 23:50:03 [INFO] HTTP Method : POST
2026-07-08 23:50:03 [INFO] Request URL : https://reqres.in/api/users
2026-07-08 23:50:03 [INFO] Request Headers :
{}
2026-07-08 23:50:03 [INFO] Request Headers :
{}
2026-07-08 23:50:03 [INFO] Request Body :
{
  "name": "Gilda_1783534803171",
  "job": "Human Applications Liaison"
}
2026-07-08 23:50:03 [INFO] Response Status : 401
2026-07-08 23:50:03 [INFO] Response Body :
{
  "error": "missing_api_key",
  "message": "The x-api-key header is required for this endpoint.",
  "hint": "Create a free key at app.reqres.in and send it as x-api-key.",
  "next_steps": [
    "Go to app.reqres.in/api-keys to get your key",
    "Add header: x-api-key: <your_key>",
    "For app user endpoints, use Authorization: Bearer <session_token> instead"
  ],
  "docs_url": "https://app.reqres.in/docs#authentication",
  "example_curl": "curl -H \"x-api-key: YOUR_API_KEY\" https://api.reqres.in/api/collections",
  "_meta": {
    "powered_by": "ReqRes",
    "docs_url": "https://app.reqres.in/documentation",
    "upgrade_url": "https://app.reqres.in/upgrade",
    "example_url": "https://app.reqres.in/examples/notes-app",
    "variant": "v1_b",
    "message": "Missing/invalid key. Grab a free key to keep responses consistent.",
    "cta": {
      "label": "Get started",
      "url": "https://app.reqres.in/api-keys"
    },
    "context": "invalid_key"
  }
}
2026-07-08 23:50:03 [INFO] API Execution Completed.
2026-07-08 23:50:03 [INFO] ==============================================
2026-07-08 23:50:03 [INFO] ==============================================
2026-07-08 23:50:03 [INFO] HTTP Method : POST
2026-07-08 23:50:03 [INFO] Request URL : https://reqres.in/api/users
2026-07-08 23:50:03 [INFO] Request Headers :
{
  "x-api-key": "123456789"
}
2026-07-08 23:50:03 [INFO] Request Headers :
{
  "x-api-key": "123456789"
}
2026-07-08 23:50:03 [INFO] Request Body :
{
  "name": "Elta_1783534803344",
  "job": "Human Response Architect"
}
2026-07-08 23:50:03 [INFO] Response Status : 403
2026-07-08 23:50:03 [INFO] Response Body :
{
  "error": "invalid_api_key",
  "message": "This API key is not recognized or has been revoked.",
  "hint": "Check that your API key is correct and not expired.",
  "next_steps": [
    "Verify the key in your dashboard at app.reqres.in/api-keys",
    "Regenerate the key if needed",
    "Ensure you're using the correct key type (manage/public)"
  ],
  "docs_url": "https://app.reqres.in/docs#api-keys",
  "_meta": {
    "powered_by": "ReqRes",
    "docs_url": "https://app.reqres.in/documentation",
    "upgrade_url": "https://app.reqres.in/upgrade",
    "example_url": "https://app.reqres.in/examples/notes-app",
    "variant": "v1_b",
    "message": "Missing/invalid key. Grab a free key to keep responses consistent.",
    "cta": {
      "label": "Get started",
      "url": "https://app.reqres.in/api-keys"
    },
    "context": "invalid_key"
  }
}
2026-07-08 23:50:03 [INFO] API Execution Completed.
2026-07-08 23:50:03 [INFO] ==============================================
2026-07-09 08:34:05 [INFO] ==============================================
2026-07-09 08:34:05 [INFO] HTTP Method : GET
2026-07-09 08:34:05 [INFO] Request URL : https://reqres.in/api/users/2
2026-07-09 08:34:05 [INFO] Request Headers :
{
  "x-api-key": "pro_fafa16755c89ee2288ecc99d4e600a0f23efea710fa020d402c43c0d1ae77777"
}
2026-07-09 08:34:05 [INFO] Request Headers :
{
  "x-api-key": "pro_fafa16755c89ee2288ecc99d4e600a0f23efea710fa020d402c43c0d1ae77777"
}
2026-07-09 08:34:05 [INFO] Response Status : 200
2026-07-09 08:34:05 [INFO] Response Body :
{
  "data": {
    "id": 2,
    "email": "janet.weaver@reqres.in",
    "first_name": "Janet",
    "last_name": "Weaver",
    "avatar": "https://reqres.in/img/faces/2-image.jpg"
  },
  "support": {
    "url": "https://benhowdle.im/first-cto-playbook?utm_source=reqres&utm_medium=json&utm_campaign=referral",
    "text": "Become a better CTO. A playbook of painful stories and practical advice from a two-time startup CTO."
  },
  "_meta": {
    "powered_by": "ReqRes",
    "docs_url": "https://app.reqres.in/documentation",
    "upgrade_url": "https://app.reqres.in/upgrade",
    "example_url": "https://app.reqres.in/examples/notes-app",
    "variant": "v1_b",
    "message": "This is a read-only demo endpoint. Sign up to create your own collections with full CRUD and auth.",
    "cta": {
      "label": "Get started",
      "url": "https://app.reqres.in/upgrade"
    },
    "context": "legacy_success"
  }
}
2026-07-09 08:34:05 [INFO] API Execution Completed.
2026-07-09 08:34:05 [INFO] ==============================================
2026-07-09 08:34:05 [INFO] ==============================================
2026-07-09 08:34:05 [INFO] HTTP Method : GET
2026-07-09 08:34:05 [INFO] Request URL : https://reqres.in/api/users/2
2026-07-09 08:34:05 [INFO] Request Headers :
{}
2026-07-09 08:34:05 [INFO] Request Headers :
{}
2026-07-09 08:34:05 [INFO] Response Status : 200
2026-07-09 08:34:05 [INFO] Response Body :
{
  "data": {
    "id": 2,
    "email": "janet.weaver@reqres.in",
    "first_name": "Janet",
    "last_name": "Weaver",
    "avatar": "https://reqres.in/img/faces/2-image.jpg"
  },
  "support": {
    "url": "https://benhowdle.im/first-cto-playbook?utm_source=reqres&utm_medium=json&utm_campaign=referral",
    "text": "Become a better CTO. A playbook of painful stories and practical advice from a two-time startup CTO."
  },
  "_meta": {
    "powered_by": "ReqRes",
    "docs_url": "https://app.reqres.in/documentation",
    "upgrade_url": "https://app.reqres.in/upgrade",
    "example_url": "https://app.reqres.in/examples/notes-app",
    "variant": "v1_b",
    "message": "This is a read-only demo endpoint. Sign up to create your own collections with full CRUD and auth.",
    "cta": {
      "label": "Get started",
      "url": "https://app.reqres.in/upgrade"
    },
    "context": "legacy_success"
  }
}
2026-07-09 08:34:05 [INFO] API Execution Completed.
2026-07-09 08:34:05 [INFO] ==============================================
2026-07-09 08:34:05 [INFO] ==============================================
2026-07-09 08:34:05 [INFO] HTTP Method : GET
2026-07-09 08:34:05 [INFO] Request URL : https://reqres.in/api/users/2
2026-07-09 08:34:05 [INFO] Request Headers :
{
  "x-api-key": "123456789"
}
2026-07-09 08:34:05 [INFO] Request Headers :
{
  "x-api-key": "123456789"
}
2026-07-09 08:34:05 [INFO] Response Status : 200
2026-07-09 08:34:05 [INFO] Response Body :
{
  "data": {
    "id": 2,
    "email": "janet.weaver@reqres.in",
    "first_name": "Janet",
    "last_name": "Weaver",
    "avatar": "https://reqres.in/img/faces/2-image.jpg"
  },
  "support": {
    "url": "https://benhowdle.im/first-cto-playbook?utm_source=reqres&utm_medium=json&utm_campaign=referral",
    "text": "Become a better CTO. A playbook of painful stories and practical advice from a two-time startup CTO."
  },
  "_meta": {
    "powered_by": "ReqRes",
    "docs_url": "https://app.reqres.in/documentation",
    "upgrade_url": "https://app.reqres.in/upgrade",
    "example_url": "https://app.reqres.in/examples/notes-app",
    "variant": "v1_b",
    "message": "This is a read-only demo endpoint. Sign up to create your own collections with full CRUD and auth.",
    "cta": {
      "label": "Get started",
      "url": "https://app.reqres.in/upgrade"
    },
    "context": "legacy_success"
  }
}
2026-07-09 08:34:05 [INFO] API Execution Completed.
2026-07-09 08:34:05 [INFO] ==============================================
2026-07-09 08:34:05 [INFO] ==============================================
2026-07-09 08:34:05 [INFO] HTTP Method : POST
2026-07-09 08:34:05 [INFO] Request URL : https://reqres.in/api/users
2026-07-09 08:34:05 [INFO] Request Headers :
{
  "x-api-key": "pro_fafa16755c89ee2288ecc99d4e600a0f23efea710fa020d402c43c0d1ae77777"
}
2026-07-09 08:34:05 [INFO] Request Headers :
{
  "x-api-key": "pro_fafa16755c89ee2288ecc99d4e600a0f23efea710fa020d402c43c0d1ae77777"
}
2026-07-09 08:34:05 [INFO] Request Body :
{
  "name": "Kent_1783566245563",
  "job": "Forward Creative Developer"
}
2026-07-09 08:34:05 [INFO] Response Status : 201
2026-07-09 08:34:05 [INFO] Response Body :
{
  "name": "Kent_1783566245563",
  "job": "Forward Creative Developer",
  "id": "227",
  "createdAt": "2026-07-09T03:04:05.852Z",
  "_meta": {
    "powered_by": "ReqRes",
    "docs_url": "https://app.reqres.in/documentation",
    "upgrade_url": "https://app.reqres.in/upgrade",
    "example_url": "https://app.reqres.in/examples/notes-app",
    "variant": "v1_b",
    "message": "This is a read-only demo endpoint. Sign up to create your own collections with full CRUD and auth.",
    "cta": {
      "label": "Get started",
      "url": "https://app.reqres.in/upgrade"
    },
    "context": "legacy_success"
  }
}
2026-07-09 08:34:05 [INFO] API Execution Completed.
2026-07-09 08:34:05 [INFO] ==============================================
2026-07-09 08:34:05 [INFO] ==============================================
2026-07-09 08:34:05 [INFO] HTTP Method : POST
2026-07-09 08:34:05 [INFO] Request URL : https://reqres.in/api/users
2026-07-09 08:34:05 [INFO] Request Headers :
{}
2026-07-09 08:34:05 [INFO] Request Headers :
{}
2026-07-09 08:34:05 [INFO] Request Body :
{
  "name": "Henri_1783566245894",
  "job": "Future Division Designer"
}
2026-07-09 08:34:06 [INFO] Response Status : 401
2026-07-09 08:34:06 [INFO] Response Body :
{
  "error": "missing_api_key",
  "message": "The x-api-key header is required for this endpoint.",
  "hint": "Create a free key at app.reqres.in and send it as x-api-key.",
  "next_steps": [
    "Go to app.reqres.in/api-keys to get your key",
    "Add header: x-api-key: <your_key>",
    "For app user endpoints, use Authorization: Bearer <session_token> instead"
  ],
  "docs_url": "https://app.reqres.in/docs#authentication",
  "example_curl": "curl -H \"x-api-key: YOUR_API_KEY\" https://api.reqres.in/api/collections",
  "_meta": {
    "powered_by": "ReqRes",
    "docs_url": "https://app.reqres.in/documentation",
    "upgrade_url": "https://app.reqres.in/upgrade",
    "example_url": "https://app.reqres.in/examples/notes-app",
    "variant": "v1_b",
    "message": "Missing/invalid key. Grab a free key to keep responses consistent.",
    "cta": {
      "label": "Get started",
      "url": "https://app.reqres.in/api-keys"
    },
    "context": "invalid_key"
  }
}
2026-07-09 08:34:06 [INFO] API Execution Completed.
2026-07-09 08:34:06 [INFO] ==============================================
2026-07-09 08:34:06 [INFO] ==============================================
2026-07-09 08:34:06 [INFO] HTTP Method : POST
2026-07-09 08:34:06 [INFO] Request URL : https://reqres.in/api/users
2026-07-09 08:34:06 [INFO] Request Headers :
{
  "x-api-key": "123456789"
}
2026-07-09 08:34:06 [INFO] Request Headers :
{
  "x-api-key": "123456789"
}
2026-07-09 08:34:06 [INFO] Request Body :
{
  "name": "Ivan_1783566246076",
  "job": "Central Usability Facilitator"
}
2026-07-09 08:34:06 [INFO] Response Status : 403
2026-07-09 08:34:06 [INFO] Response Body :
{
  "error": "invalid_api_key",
  "message": "This API key is not recognized or has been revoked.",
  "hint": "Check that your API key is correct and not expired.",
  "next_steps": [
    "Verify the key in your dashboard at app.reqres.in/api-keys",
    "Regenerate the key if needed",
    "Ensure you're using the correct key type (manage/public)"
  ],
  "docs_url": "https://app.reqres.in/docs#api-keys",
  "_meta": {
    "powered_by": "ReqRes",
    "docs_url": "https://app.reqres.in/documentation",
    "upgrade_url": "https://app.reqres.in/upgrade",
    "example_url": "https://app.reqres.in/examples/notes-app",
    "variant": "v1_b",
    "message": "Missing/invalid key. Grab a free key to keep responses consistent.",
    "cta": {
      "label": "Get started",
      "url": "https://app.reqres.in/api-keys"
    },
    "context": "invalid_key"
  }
}
2026-07-09 08:34:06 [INFO] API Execution Completed.
2026-07-09 08:34:06 [INFO] ==============================================
2026-07-09 08:36:54 [INFO] ==============================================
2026-07-09 08:36:54 [INFO] HTTP Method : GET
2026-07-09 08:36:54 [INFO] Request URL : https://reqres.in/api/users/2
2026-07-09 08:36:54 [INFO] Request Headers :
{
  "x-api-key": "pro_fafa16755c89ee2288ecc99d4e600a0f23efea710fa020d402c43c0d1ae77777"
}
2026-07-09 08:36:54 [INFO] Request Headers :
{
  "x-api-key": "pro_fafa16755c89ee2288ecc99d4e600a0f23efea710fa020d402c43c0d1ae77777"
}
2026-07-09 08:36:55 [INFO] Response Status : 200
2026-07-09 08:36:55 [INFO] Response Body :
{
  "data": {
    "id": 2,
    "email": "janet.weaver@reqres.in",
    "first_name": "Janet",
    "last_name": "Weaver",
    "avatar": "https://reqres.in/img/faces/2-image.jpg"
  },
  "support": {
    "url": "https://benhowdle.im/first-cto-playbook?utm_source=reqres&utm_medium=json&utm_campaign=referral",
    "text": "Become a better CTO. A playbook of painful stories and practical advice from a two-time startup CTO."
  },
  "_meta": {
    "powered_by": "ReqRes",
    "docs_url": "https://app.reqres.in/documentation",
    "upgrade_url": "https://app.reqres.in/upgrade",
    "example_url": "https://app.reqres.in/examples/notes-app",
    "variant": "v1_b",
    "message": "This is a read-only demo endpoint. Sign up to create your own collections with full CRUD and auth.",
    "cta": {
      "label": "Get started",
      "url": "https://app.reqres.in/upgrade"
    },
    "context": "legacy_success"
  }
}
2026-07-09 08:36:55 [INFO] API Execution Completed.
2026-07-09 08:36:55 [INFO] ==============================================
2026-07-09 08:36:55 [INFO] ==============================================
2026-07-09 08:36:55 [INFO] HTTP Method : GET
2026-07-09 08:36:55 [INFO] Request URL : https://reqres.in/api/users/2
2026-07-09 08:36:55 [INFO] Request Headers :
{}
2026-07-09 08:36:55 [INFO] Request Headers :
{}
2026-07-09 08:36:55 [INFO] Response Status : 200
2026-07-09 08:36:55 [INFO] Response Body :
{
  "data": {
    "id": 2,
    "email": "janet.weaver@reqres.in",
    "first_name": "Janet",
    "last_name": "Weaver",
    "avatar": "https://reqres.in/img/faces/2-image.jpg"
  },
  "support": {
    "url": "https://benhowdle.im/first-cto-playbook?utm_source=reqres&utm_medium=json&utm_campaign=referral",
    "text": "Become a better CTO. A playbook of painful stories and practical advice from a two-time startup CTO."
  },
  "_meta": {
    "powered_by": "ReqRes",
    "docs_url": "https://app.reqres.in/documentation",
    "upgrade_url": "https://app.reqres.in/upgrade",
    "example_url": "https://app.reqres.in/examples/notes-app",
    "variant": "v1_b",
    "message": "This is a read-only demo endpoint. Sign up to create your own collections with full CRUD and auth.",
    "cta": {
      "label": "Get started",
      "url": "https://app.reqres.in/upgrade"
    },
    "context": "legacy_success"
  }
}
2026-07-09 08:36:55 [INFO] API Execution Completed.
2026-07-09 08:36:55 [INFO] ==============================================
2026-07-09 08:36:55 [INFO] ==============================================
2026-07-09 08:36:55 [INFO] HTTP Method : GET
2026-07-09 08:36:55 [INFO] Request URL : https://reqres.in/api/users/2
2026-07-09 08:36:55 [INFO] Request Headers :
{
  "x-api-key": "123456789"
}
2026-07-09 08:36:55 [INFO] Request Headers :
{
  "x-api-key": "123456789"
}
2026-07-09 08:36:55 [INFO] Response Status : 200
2026-07-09 08:36:55 [INFO] Response Body :
{
  "data": {
    "id": 2,
    "email": "janet.weaver@reqres.in",
    "first_name": "Janet",
    "last_name": "Weaver",
    "avatar": "https://reqres.in/img/faces/2-image.jpg"
  },
  "support": {
    "url": "https://benhowdle.im/first-cto-playbook?utm_source=reqres&utm_medium=json&utm_campaign=referral",
    "text": "Become a better CTO. A playbook of painful stories and practical advice from a two-time startup CTO."
  },
  "_meta": {
    "powered_by": "ReqRes",
    "docs_url": "https://app.reqres.in/documentation",
    "upgrade_url": "https://app.reqres.in/upgrade",
    "example_url": "https://app.reqres.in/examples/notes-app",
    "variant": "v1_b",
    "message": "This is a read-only demo endpoint. Sign up to create your own collections with full CRUD and auth.",
    "cta": {
      "label": "Get started",
      "url": "https://app.reqres.in/upgrade"
    },
    "context": "legacy_success"
  }
}
2026-07-09 08:36:55 [INFO] API Execution Completed.
2026-07-09 08:36:55 [INFO] ==============================================
2026-07-09 08:36:55 [INFO] ==============================================
2026-07-09 08:36:55 [INFO] HTTP Method : POST
2026-07-09 08:36:55 [INFO] Request URL : https://reqres.in/api/users
2026-07-09 08:36:55 [INFO] Request Headers :
{
  "x-api-key": "pro_fafa16755c89ee2288ecc99d4e600a0f23efea710fa020d402c43c0d1ae77777"
}
2026-07-09 08:36:55 [INFO] Request Headers :
{
  "x-api-key": "pro_fafa16755c89ee2288ecc99d4e600a0f23efea710fa020d402c43c0d1ae77777"
}
2026-07-09 08:36:55 [INFO] Request Body :
{
  "name": "Lempi_1783566415229",
  "job": "Regional Usability Consultant"
}
2026-07-09 08:36:55 [INFO] Response Status : 201
2026-07-09 08:36:55 [INFO] Response Body :
{
  "name": "Lempi_1783566415229",
  "job": "Regional Usability Consultant",
  "id": "838",
  "createdAt": "2026-07-09T03:06:55.515Z",
  "_meta": {
    "powered_by": "ReqRes",
    "docs_url": "https://app.reqres.in/documentation",
    "upgrade_url": "https://app.reqres.in/upgrade",
    "example_url": "https://app.reqres.in/examples/notes-app",
    "variant": "v1_b",
    "message": "This is a read-only demo endpoint. Sign up to create your own collections with full CRUD and auth.",
    "cta": {
      "label": "Get started",
      "url": "https://app.reqres.in/upgrade"
    },
    "context": "legacy_success"
  }
}
2026-07-09 08:36:55 [INFO] API Execution Completed.
2026-07-09 08:36:55 [INFO] ==============================================
2026-07-09 08:36:55 [INFO] ==============================================
2026-07-09 08:36:55 [INFO] HTTP Method : POST
2026-07-09 08:36:55 [INFO] Request URL : https://reqres.in/api/users
2026-07-09 08:36:55 [INFO] Request Headers :
{}
2026-07-09 08:36:55 [INFO] Request Headers :
{}
2026-07-09 08:36:55 [INFO] Request Body :
{
  "name": "Chelsea_1783566415678",
  "job": "Forward Security Administrator"
}
2026-07-09 08:36:55 [INFO] Response Status : 401
2026-07-09 08:36:55 [INFO] Response Body :
{
  "error": "missing_api_key",
  "message": "The x-api-key header is required for this endpoint.",
  "hint": "Create a free key at app.reqres.in and send it as x-api-key.",
  "next_steps": [
    "Go to app.reqres.in/api-keys to get your key",
    "Add header: x-api-key: <your_key>",
    "For app user endpoints, use Authorization: Bearer <session_token> instead"
  ],
  "docs_url": "https://app.reqres.in/docs#authentication",
  "example_curl": "curl -H \"x-api-key: YOUR_API_KEY\" https://api.reqres.in/api/collections",
  "_meta": {
    "powered_by": "ReqRes",
    "docs_url": "https://app.reqres.in/documentation",
    "upgrade_url": "https://app.reqres.in/upgrade",
    "example_url": "https://app.reqres.in/examples/notes-app",
    "variant": "v1_b",
    "message": "Missing/invalid key. Grab a free key to keep responses consistent.",
    "cta": {
      "label": "Get started",
      "url": "https://app.reqres.in/api-keys"
    },
    "context": "invalid_key"
  }
}
2026-07-09 08:36:55 [INFO] API Execution Completed.
2026-07-09 08:36:55 [INFO] ==============================================
2026-07-09 08:36:55 [INFO] ==============================================
2026-07-09 08:36:55 [INFO] HTTP Method : POST
2026-07-09 08:36:55 [INFO] Request URL : https://reqres.in/api/users
2026-07-09 08:36:55 [INFO] Request Headers :
{
  "x-api-key": "123456789"
}
2026-07-09 08:36:55 [INFO] Request Headers :
{
  "x-api-key": "123456789"
}
2026-07-09 08:36:55 [INFO] Request Body :
{
  "name": "Rashad_1783566415860",
  "job": "Central Mobility Orchestrator"
}
2026-07-09 08:36:56 [INFO] Response Status : 403
2026-07-09 08:36:56 [INFO] Response Body :
{
  "error": "invalid_api_key",
  "message": "This API key is not recognized or has been revoked.",
  "hint": "Check that your API key is correct and not expired.",
  "next_steps": [
    "Verify the key in your dashboard at app.reqres.in/api-keys",
    "Regenerate the key if needed",
    "Ensure you're using the correct key type (manage/public)"
  ],
  "docs_url": "https://app.reqres.in/docs#api-keys",
  "_meta": {
    "powered_by": "ReqRes",
    "docs_url": "https://app.reqres.in/documentation",
    "upgrade_url": "https://app.reqres.in/upgrade",
    "example_url": "https://app.reqres.in/examples/notes-app",
    "variant": "v1_b",
    "message": "Missing/invalid key. Grab a free key to keep responses consistent.",
    "cta": {
      "label": "Get started",
      "url": "https://app.reqres.in/api-keys"
    },
    "context": "invalid_key"
  }
}
2026-07-09 08:36:56 [INFO] API Execution Completed.
2026-07-09 08:36:56 [INFO] ==============================================
2026-07-09 08:38:18 [INFO] ==============================================
2026-07-09 08:38:18 [INFO] HTTP Method : GET
2026-07-09 08:38:18 [INFO] Request URL : https://reqres.in/api/users/2
2026-07-09 08:38:18 [INFO] Request Headers :
{
  "x-api-key": "pro_fafa16755c89ee2288ecc99d4e600a0f23efea710fa020d402c43c0d1ae77777"
}
2026-07-09 08:38:18 [INFO] Request Headers :
{
  "x-api-key": "pro_fafa16755c89ee2288ecc99d4e600a0f23efea710fa020d402c43c0d1ae77777"
}
2026-07-09 08:38:19 [INFO] Response Status : 200
2026-07-09 08:38:19 [INFO] Response Body :
{
  "data": {
    "id": 2,
    "email": "janet.weaver@reqres.in",
    "first_name": "Janet",
    "last_name": "Weaver",
    "avatar": "https://reqres.in/img/faces/2-image.jpg"
  },
  "support": {
    "url": "https://benhowdle.im/first-cto-playbook?utm_source=reqres&utm_medium=json&utm_campaign=referral",
    "text": "Become a better CTO. A playbook of painful stories and practical advice from a two-time startup CTO."
  },
  "_meta": {
    "powered_by": "ReqRes",
    "docs_url": "https://app.reqres.in/documentation",
    "upgrade_url": "https://app.reqres.in/upgrade",
    "example_url": "https://app.reqres.in/examples/notes-app",
    "variant": "v1_b",
    "message": "This is a read-only demo endpoint. Sign up to create your own collections with full CRUD and auth.",
    "cta": {
      "label": "Get started",
      "url": "https://app.reqres.in/upgrade"
    },
    "context": "legacy_success"
  }
}
2026-07-09 08:38:19 [INFO] API Execution Completed.
2026-07-09 08:38:19 [INFO] ==============================================
2026-07-09 08:38:19 [INFO] ==============================================
2026-07-09 08:38:19 [INFO] HTTP Method : GET
2026-07-09 08:38:19 [INFO] Request URL : https://reqres.in/api/users/2
2026-07-09 08:38:19 [INFO] Request Headers :
{}
2026-07-09 08:38:19 [INFO] Request Headers :
{}
2026-07-09 08:38:19 [INFO] Response Status : 200
2026-07-09 08:38:19 [INFO] Response Body :
{
  "data": {
    "id": 2,
    "email": "janet.weaver@reqres.in",
    "first_name": "Janet",
    "last_name": "Weaver",
    "avatar": "https://reqres.in/img/faces/2-image.jpg"
  },
  "support": {
    "url": "https://benhowdle.im/first-cto-playbook?utm_source=reqres&utm_medium=json&utm_campaign=referral",
    "text": "Become a better CTO. A playbook of painful stories and practical advice from a two-time startup CTO."
  },
  "_meta": {
    "powered_by": "ReqRes",
    "docs_url": "https://app.reqres.in/documentation",
    "upgrade_url": "https://app.reqres.in/upgrade",
    "example_url": "https://app.reqres.in/examples/notes-app",
    "variant": "v1_b",
    "message": "This is a read-only demo endpoint. Sign up to create your own collections with full CRUD and auth.",
    "cta": {
      "label": "Get started",
      "url": "https://app.reqres.in/upgrade"
    },
    "context": "legacy_success"
  }
}
2026-07-09 08:38:19 [INFO] API Execution Completed.
2026-07-09 08:38:19 [INFO] ==============================================
2026-07-09 08:38:19 [INFO] ==============================================
2026-07-09 08:38:19 [INFO] HTTP Method : GET
2026-07-09 08:38:19 [INFO] Request URL : https://reqres.in/api/users/2
2026-07-09 08:38:19 [INFO] Request Headers :
{
  "x-api-key": "123456789"
}
2026-07-09 08:38:19 [INFO] Request Headers :
{
  "x-api-key": "123456789"
}
2026-07-09 08:38:19 [INFO] Response Status : 200
2026-07-09 08:38:19 [INFO] Response Body :
{
  "data": {
    "id": 2,
    "email": "janet.weaver@reqres.in",
    "first_name": "Janet",
    "last_name": "Weaver",
    "avatar": "https://reqres.in/img/faces/2-image.jpg"
  },
  "support": {
    "url": "https://benhowdle.im/first-cto-playbook?utm_source=reqres&utm_medium=json&utm_campaign=referral",
    "text": "Become a better CTO. A playbook of painful stories and practical advice from a two-time startup CTO."
  },
  "_meta": {
    "powered_by": "ReqRes",
    "docs_url": "https://app.reqres.in/documentation",
    "upgrade_url": "https://app.reqres.in/upgrade",
    "example_url": "https://app.reqres.in/examples/notes-app",
    "variant": "v1_b",
    "message": "This is a read-only demo endpoint. Sign up to create your own collections with full CRUD and auth.",
    "cta": {
      "label": "Get started",
      "url": "https://app.reqres.in/upgrade"
    },
    "context": "legacy_success"
  }
}
2026-07-09 08:38:19 [INFO] API Execution Completed.
2026-07-09 08:38:19 [INFO] ==============================================
2026-07-09 08:47:10 [INFO] ==============================================
2026-07-09 08:47:10 [INFO] HTTP Method : POST
2026-07-09 08:47:10 [INFO] Request URL : https://reqres.in/api/users
2026-07-09 08:47:10 [INFO] Request Headers :
{
  "x-api-key": "pro_fafa16755c89ee2288ecc99d4e600a0f23efea710fa020d402c43c0d1ae77777"
}
2026-07-09 08:47:10 [INFO] Request Headers :
{
  "x-api-key": "pro_fafa16755c89ee2288ecc99d4e600a0f23efea710fa020d402c43c0d1ae77777"
}
2026-07-09 08:47:10 [INFO] Request Body :
{
  "name": "Kianna_1783567030505",
  "job": "Senior Program Designer"
}
2026-07-09 08:47:11 [INFO] Response Status : 201
2026-07-09 08:47:11 [INFO] Response Body :
{
  "name": "Kianna_1783567030505",
  "job": "Senior Program Designer",
  "id": "492",
  "createdAt": "2026-07-09T03:17:11.026Z",
  "_meta": {
    "powered_by": "ReqRes",
    "docs_url": "https://app.reqres.in/documentation",
    "upgrade_url": "https://app.reqres.in/upgrade",
    "example_url": "https://app.reqres.in/examples/notes-app",
    "variant": "v1_b",
    "message": "This is a read-only demo endpoint. Sign up to create your own collections with full CRUD and auth.",
    "cta": {
      "label": "Get started",
      "url": "https://app.reqres.in/upgrade"
    },
    "context": "legacy_success"
  }
}
2026-07-09 08:47:11 [INFO] API Execution Completed.
2026-07-09 08:47:11 [INFO] ==============================================
2026-07-09 08:47:11 [INFO] ==============================================
2026-07-09 08:47:11 [INFO] HTTP Method : POST
2026-07-09 08:47:11 [INFO] Request URL : https://reqres.in/api/users
2026-07-09 08:47:11 [INFO] Request Headers :
{}
2026-07-09 08:47:11 [INFO] Request Headers :
{}
2026-07-09 08:47:11 [INFO] Request Body :
{
  "name": "Hilma_1783567031070",
  "job": "Product Response Developer"
}
2026-07-09 08:47:11 [INFO] Response Status : 401
2026-07-09 08:47:11 [INFO] Response Body :
{
  "error": "missing_api_key",
  "message": "The x-api-key header is required for this endpoint.",
  "hint": "Create a free key at app.reqres.in and send it as x-api-key.",
  "next_steps": [
    "Go to app.reqres.in/api-keys to get your key",
    "Add header: x-api-key: <your_key>",
    "For app user endpoints, use Authorization: Bearer <session_token> instead"
  ],
  "docs_url": "https://app.reqres.in/docs#authentication",
  "example_curl": "curl -H \"x-api-key: YOUR_API_KEY\" https://api.reqres.in/api/collections",
  "_meta": {
    "powered_by": "ReqRes",
    "docs_url": "https://app.reqres.in/documentation",
    "upgrade_url": "https://app.reqres.in/upgrade",
    "example_url": "https://app.reqres.in/examples/notes-app",
    "variant": "v1_b",
    "message": "Missing/invalid key. Grab a free key to keep responses consistent.",
    "cta": {
      "label": "Get started",
      "url": "https://app.reqres.in/api-keys"
    },
    "context": "invalid_key"
  }
}
2026-07-09 08:47:11 [INFO] API Execution Completed.
2026-07-09 08:47:11 [INFO] ==============================================
2026-07-09 08:47:11 [INFO] ==============================================
2026-07-09 08:47:11 [INFO] HTTP Method : POST
2026-07-09 08:47:11 [INFO] Request URL : https://reqres.in/api/users
2026-07-09 08:47:11 [INFO] Request Headers :
{
  "x-api-key": "123456789"
}
2026-07-09 08:47:11 [INFO] Request Headers :
{
  "x-api-key": "123456789"
}
2026-07-09 08:47:11 [INFO] Request Body :
{
  "name": "Jewell_1783567031245",
  "job": "International Response Orchestrator"
}
2026-07-09 08:47:11 [INFO] Response Status : 403
2026-07-09 08:47:11 [INFO] Response Body :
{
  "error": "invalid_api_key",
  "message": "This API key is not recognized or has been revoked.",
  "hint": "Check that your API key is correct and not expired.",
  "next_steps": [
    "Verify the key in your dashboard at app.reqres.in/api-keys",
    "Regenerate the key if needed",
    "Ensure you're using the correct key type (manage/public)"
  ],
  "docs_url": "https://app.reqres.in/docs#api-keys",
  "_meta": {
    "powered_by": "ReqRes",
    "docs_url": "https://app.reqres.in/documentation",
    "upgrade_url": "https://app.reqres.in/upgrade",
    "example_url": "https://app.reqres.in/examples/notes-app",
    "variant": "v1_b",
    "message": "Missing/invalid key. Grab a free key to keep responses consistent.",
    "cta": {
      "label": "Get started",
      "url": "https://app.reqres.in/api-keys"
    },
    "context": "invalid_key"
  }
}
2026-07-09 08:47:11 [INFO] API Execution Completed.
2026-07-09 08:47:11 [INFO] ==============================================
2026-07-09 08:49:48 [INFO] ==============================================
2026-07-09 08:49:48 [INFO] HTTP Method : POST
2026-07-09 08:49:48 [INFO] Request URL : https://reqres.in/api/users
2026-07-09 08:49:48 [INFO] Request Headers :
{
  "x-api-key": "pro_fafa16755c89ee2288ecc99d4e600a0f23efea710fa020d402c43c0d1ae77777"
}
2026-07-09 08:49:48 [INFO] Request Headers :
{
  "x-api-key": "pro_fafa16755c89ee2288ecc99d4e600a0f23efea710fa020d402c43c0d1ae77777"
}
2026-07-09 08:49:48 [INFO] Request Body :
{
  "name": "Cecilia_1783567188510",
  "job": "Legacy Functionality Administrator"
}
2026-07-09 08:49:49 [INFO] Response Status : 201
2026-07-09 08:49:49 [INFO] Response Body :
{
  "name": "Cecilia_1783567188510",
  "job": "Legacy Functionality Administrator",
  "id": "49",
  "createdAt": "2026-07-09T03:19:48.849Z",
  "_meta": {
    "powered_by": "ReqRes",
    "docs_url": "https://app.reqres.in/documentation",
    "upgrade_url": "https://app.reqres.in/upgrade",
    "example_url": "https://app.reqres.in/examples/notes-app",
    "variant": "v1_b",
    "message": "This is a read-only demo endpoint. Sign up to create your own collections with full CRUD and auth.",
    "cta": {
      "label": "Get started",
      "url": "https://app.reqres.in/upgrade"
    },
    "context": "legacy_success"
  }
}
2026-07-09 08:49:49 [INFO] API Execution Completed.
2026-07-09 08:49:49 [INFO] ==============================================
2026-07-09 08:49:49 [INFO] ==============================================
2026-07-09 08:49:49 [INFO] HTTP Method : POST
2026-07-09 08:49:49 [INFO] Request URL : https://reqres.in/api/users
2026-07-09 08:49:49 [INFO] Request Headers :
{}
2026-07-09 08:49:49 [INFO] Request Headers :
{}
2026-07-09 08:49:49 [INFO] Request Body :
{
  "name": "Russell_1783567189044",
  "job": "Senior Identity Developer"
}
2026-07-09 08:49:49 [INFO] Response Status : 401
2026-07-09 08:49:49 [INFO] Response Body :
{
  "error": "missing_api_key",
  "message": "The x-api-key header is required for this endpoint.",
  "hint": "Create a free key at app.reqres.in and send it as x-api-key.",
  "next_steps": [
    "Go to app.reqres.in/api-keys to get your key",
    "Add header: x-api-key: <your_key>",
    "For app user endpoints, use Authorization: Bearer <session_token> instead"
  ],
  "docs_url": "https://app.reqres.in/docs#authentication",
  "example_curl": "curl -H \"x-api-key: YOUR_API_KEY\" https://api.reqres.in/api/collections",
  "_meta": {
    "powered_by": "ReqRes",
    "docs_url": "https://app.reqres.in/documentation",
    "upgrade_url": "https://app.reqres.in/upgrade",
    "example_url": "https://app.reqres.in/examples/notes-app",
    "variant": "v1_b",
    "message": "Missing/invalid key. Grab a free key to keep responses consistent.",
    "cta": {
      "label": "Get started",
      "url": "https://app.reqres.in/api-keys"
    },
    "context": "invalid_key"
  }
}
2026-07-09 08:49:49 [INFO] API Execution Completed.
2026-07-09 08:49:49 [INFO] ==============================================
2026-07-09 08:49:49 [INFO] ==============================================
2026-07-09 08:49:49 [INFO] HTTP Method : POST
2026-07-09 08:49:49 [INFO] Request URL : https://reqres.in/api/users
2026-07-09 08:49:49 [INFO] Request Headers :
{
  "x-api-key": "123456789"
}
2026-07-09 08:49:49 [INFO] Request Headers :
{
  "x-api-key": "123456789"
}
2026-07-09 08:49:49 [INFO] Request Body :
{
  "name": "Alicia_1783567189227",
  "job": "International Program Developer"
}
2026-07-09 08:49:49 [INFO] Response Status : 403
2026-07-09 08:49:49 [INFO] Response Body :
{
  "error": "invalid_api_key",
  "message": "This API key is not recognized or has been revoked.",
  "hint": "Check that your API key is correct and not expired.",
  "next_steps": [
    "Verify the key in your dashboard at app.reqres.in/api-keys",
    "Regenerate the key if needed",
    "Ensure you're using the correct key type (manage/public)"
  ],
  "docs_url": "https://app.reqres.in/docs#api-keys",
  "_meta": {
    "powered_by": "ReqRes",
    "docs_url": "https://app.reqres.in/documentation",
    "upgrade_url": "https://app.reqres.in/upgrade",
    "example_url": "https://app.reqres.in/examples/notes-app",
    "variant": "v1_b",
    "message": "Missing/invalid key. Grab a free key to keep responses consistent.",
    "cta": {
      "label": "Get started",
      "url": "https://app.reqres.in/api-keys"
    },
    "context": "invalid_key"
  }
}
2026-07-09 08:49:49 [INFO] API Execution Completed.
2026-07-09 08:49:49 [INFO] ==============================================
2026-07-09 09:00:34 [INFO] ==============================================
2026-07-09 09:00:34 [INFO] HTTP Method : PUT
2026-07-09 09:00:34 [INFO] Request URL : https://reqres.in/api/users/2
2026-07-09 09:00:34 [INFO] Request Headers :
{
  "x-api-key": "pro_fafa16755c89ee2288ecc99d4e600a0f23efea710fa020d402c43c0d1ae77777"
}
2026-07-09 09:00:34 [INFO] Request Headers :
{
  "x-api-key": "pro_fafa16755c89ee2288ecc99d4e600a0f23efea710fa020d402c43c0d1ae77777"
}
2026-07-09 09:00:34 [INFO] Request Body :
{
  "name": "Heather_1783567834027",
  "job": "Central Quality Producer"
}
2026-07-09 09:00:34 [INFO] Response Status : 200
2026-07-09 09:00:34 [INFO] Response Body :
{
  "name": "Heather_1783567834027",
  "job": "Central Quality Producer",
  "updatedAt": "2026-07-09T03:30:34.415Z",
  "_meta": {
    "powered_by": "ReqRes",
    "docs_url": "https://app.reqres.in/documentation",
    "upgrade_url": "https://app.reqres.in/upgrade",
    "example_url": "https://app.reqres.in/examples/notes-app",
    "variant": "v1_b",
    "message": "This is a read-only demo endpoint. Sign up to create your own collections with full CRUD and auth.",
    "cta": {
      "label": "Get started",
      "url": "https://app.reqres.in/upgrade"
    },
    "context": "legacy_success"
  }
}
2026-07-09 09:00:34 [INFO] API Execution Completed.
2026-07-09 09:00:34 [INFO] ==============================================
2026-07-09 09:00:34 [INFO] ==============================================
2026-07-09 09:00:34 [INFO] HTTP Method : PUT
2026-07-09 09:00:34 [INFO] Request URL : https://reqres.in/api/users/2
2026-07-09 09:00:34 [INFO] Request Headers :
{}
2026-07-09 09:00:34 [INFO] Request Headers :
{}
2026-07-09 09:00:34 [INFO] Request Body :
{
  "name": "Carmen_1783567834587",
  "job": "Internal Group Architect"
}
2026-07-09 09:00:34 [INFO] Response Status : 401
2026-07-09 09:00:34 [INFO] Response Body :
{
  "error": "missing_api_key",
  "message": "The x-api-key header is required for this endpoint.",
  "hint": "Create a free key at app.reqres.in and send it as x-api-key.",
  "next_steps": [
    "Go to app.reqres.in/api-keys to get your key",
    "Add header: x-api-key: <your_key>",
    "For app user endpoints, use Authorization: Bearer <session_token> instead"
  ],
  "docs_url": "https://app.reqres.in/docs#authentication",
  "example_curl": "curl -H \"x-api-key: YOUR_API_KEY\" https://api.reqres.in/api/collections",
  "_meta": {
    "powered_by": "ReqRes",
    "docs_url": "https://app.reqres.in/documentation",
    "upgrade_url": "https://app.reqres.in/upgrade",
    "example_url": "https://app.reqres.in/examples/notes-app",
    "variant": "v1_b",
    "message": "Missing/invalid key. Grab a free key to keep responses consistent.",
    "cta": {
      "label": "Get started",
      "url": "https://app.reqres.in/api-keys"
    },
    "context": "invalid_key"
  }
}
2026-07-09 09:00:34 [INFO] API Execution Completed.
2026-07-09 09:00:34 [INFO] ==============================================
2026-07-09 09:00:34 [INFO] ==============================================
2026-07-09 09:00:34 [INFO] HTTP Method : PUT
2026-07-09 09:00:34 [INFO] Request URL : https://reqres.in/api/users/2
2026-07-09 09:00:34 [INFO] Request Headers :
{
  "x-api-key": "123456789"
}
2026-07-09 09:00:34 [INFO] Request Headers :
{
  "x-api-key": "123456789"
}
2026-07-09 09:00:34 [INFO] Request Body :
{
  "name": "Fanny_1783567834762",
  "job": "Global Metrics Specialist"
}
2026-07-09 09:00:34 [INFO] Response Status : 403
2026-07-09 09:00:34 [INFO] Response Body :
{
  "error": "invalid_api_key",
  "message": "This API key is not recognized or has been revoked.",
  "hint": "Check that your API key is correct and not expired.",
  "next_steps": [
    "Verify the key in your dashboard at app.reqres.in/api-keys",
    "Regenerate the key if needed",
    "Ensure you're using the correct key type (manage/public)"
  ],
  "docs_url": "https://app.reqres.in/docs#api-keys",
  "_meta": {
    "powered_by": "ReqRes",
    "docs_url": "https://app.reqres.in/documentation",
    "upgrade_url": "https://app.reqres.in/upgrade",
    "example_url": "https://app.reqres.in/examples/notes-app",
    "variant": "v1_b",
    "message": "Missing/invalid key. Grab a free key to keep responses consistent.",
    "cta": {
      "label": "Get started",
      "url": "https://app.reqres.in/api-keys"
    },
    "context": "invalid_key"
  }
}
2026-07-09 09:00:34 [INFO] API Execution Completed.
2026-07-09 09:00:34 [INFO] ==============================================
2026-07-09 09:06:27 [INFO] ==============================================
2026-07-09 09:06:27 [INFO] HTTP Method : DELETE
2026-07-09 09:06:27 [INFO] Request URL : https://reqres.in/api/users/2
2026-07-09 09:06:27 [INFO] Request Headers :
{
  "x-api-key": "pro_fafa16755c89ee2288ecc99d4e600a0f23efea710fa020d402c43c0d1ae77777"
}
2026-07-09 09:06:27 [INFO] Request Headers :
{
  "x-api-key": "pro_fafa16755c89ee2288ecc99d4e600a0f23efea710fa020d402c43c0d1ae77777"
}
2026-07-09 09:06:28 [WARN] Response Body : No JSON response returned.
2026-07-09 09:06:28 [INFO] API Execution Completed.
2026-07-09 09:06:28 [INFO] ==============================================
2026-07-09 09:06:28 [INFO] ==============================================
2026-07-09 09:06:28 [INFO] HTTP Method : DELETE
2026-07-09 09:06:28 [INFO] Request URL : https://reqres.in/api/users/2
2026-07-09 09:06:28 [INFO] Request Headers :
{
  "x-api-key": "pro_fafa16755c89ee2288ecc99d4e600a0f23efea710fa020d402c43c0d1ae77777"
}
2026-07-09 09:06:28 [INFO] Request Headers :
{
  "x-api-key": "pro_fafa16755c89ee2288ecc99d4e600a0f23efea710fa020d402c43c0d1ae77777"
}
2026-07-09 09:06:28 [WARN] Response Body : No JSON response returned.
2026-07-09 09:06:28 [INFO] API Execution Completed.
2026-07-09 09:06:28 [INFO] ==============================================
2026-07-09 09:06:28 [INFO] ==============================================
2026-07-09 09:06:28 [INFO] HTTP Method : DELETE
2026-07-09 09:06:28 [INFO] Request URL : https://reqres.in/api/users/2
2026-07-09 09:06:28 [INFO] Request Headers :
{
  "x-api-key": "pro_fafa16755c89ee2288ecc99d4e600a0f23efea710fa020d402c43c0d1ae77777"
}
2026-07-09 09:06:28 [INFO] Request Headers :
{
  "x-api-key": "pro_fafa16755c89ee2288ecc99d4e600a0f23efea710fa020d402c43c0d1ae77777"
}
2026-07-09 09:06:28 [WARN] Response Body : No JSON response returned.
2026-07-09 09:06:28 [INFO] API Execution Completed.
2026-07-09 09:06:28 [INFO] ==============================================
2026-07-09 09:09:17 [INFO] ==============================================
2026-07-09 09:09:17 [INFO] HTTP Method : DELETE
2026-07-09 09:09:17 [INFO] Request URL : https://reqres.in/api/users/2
2026-07-09 09:09:17 [INFO] Request Headers :
{
  "x-api-key": "pro_fafa16755c89ee2288ecc99d4e600a0f23efea710fa020d402c43c0d1ae77777"
}
2026-07-09 09:09:17 [INFO] Request Headers :
{
  "x-api-key": "pro_fafa16755c89ee2288ecc99d4e600a0f23efea710fa020d402c43c0d1ae77777"
}
2026-07-09 09:09:17 [WARN] Response Body : No JSON response returned.
2026-07-09 09:09:17 [INFO] API Execution Completed.
2026-07-09 09:09:17 [INFO] ==============================================
2026-07-09 09:09:17 [INFO] ==============================================
2026-07-09 09:09:17 [INFO] HTTP Method : DELETE
2026-07-09 09:09:17 [INFO] Request URL : https://reqres.in/api/users/2
2026-07-09 09:09:17 [INFO] Request Headers :
{}
2026-07-09 09:09:17 [INFO] Request Headers :
{}
2026-07-09 09:09:17 [INFO] Response Status : 401
2026-07-09 09:09:17 [INFO] Response Body :
{
  "error": "missing_api_key",
  "message": "The x-api-key header is required for this endpoint.",
  "hint": "Create a free key at app.reqres.in and send it as x-api-key.",
  "next_steps": [
    "Go to app.reqres.in/api-keys to get your key",
    "Add header: x-api-key: <your_key>",
    "For app user endpoints, use Authorization: Bearer <session_token> instead"
  ],
  "docs_url": "https://app.reqres.in/docs#authentication",
  "example_curl": "curl -H \"x-api-key: YOUR_API_KEY\" https://api.reqres.in/api/collections",
  "_meta": {
    "powered_by": "ReqRes",
    "docs_url": "https://app.reqres.in/documentation",
    "upgrade_url": "https://app.reqres.in/upgrade",
    "example_url": "https://app.reqres.in/examples/notes-app",
    "variant": "v1_b",
    "message": "Missing/invalid key. Grab a free key to keep responses consistent.",
    "cta": {
      "label": "Get started",
      "url": "https://app.reqres.in/api-keys"
    },
    "context": "invalid_key"
  }
}
2026-07-09 09:09:17 [INFO] API Execution Completed.
2026-07-09 09:09:17 [INFO] ==============================================
2026-07-09 09:09:17 [INFO] ==============================================
2026-07-09 09:09:17 [INFO] HTTP Method : DELETE
2026-07-09 09:09:17 [INFO] Request URL : https://reqres.in/api/users/2
2026-07-09 09:09:17 [INFO] Request Headers :
{
  "x-api-key": "123456789"
}
2026-07-09 09:09:17 [INFO] Request Headers :
{
  "x-api-key": "123456789"
}
2026-07-09 09:09:17 [INFO] Response Status : 403
2026-07-09 09:09:17 [INFO] Response Body :
{
  "error": "invalid_api_key",
  "message": "This API key is not recognized or has been revoked.",
  "hint": "Check that your API key is correct and not expired.",
  "next_steps": [
    "Verify the key in your dashboard at app.reqres.in/api-keys",
    "Regenerate the key if needed",
    "Ensure you're using the correct key type (manage/public)"
  ],
  "docs_url": "https://app.reqres.in/docs#api-keys",
  "_meta": {
    "powered_by": "ReqRes",
    "docs_url": "https://app.reqres.in/documentation",
    "upgrade_url": "https://app.reqres.in/upgrade",
    "example_url": "https://app.reqres.in/examples/notes-app",
    "variant": "v1_b",
    "message": "Missing/invalid key. Grab a free key to keep responses consistent.",
    "cta": {
      "label": "Get started",
      "url": "https://app.reqres.in/api-keys"
    },
    "context": "invalid_key"
  }
}
2026-07-09 09:09:18 [INFO] API Execution Completed.
2026-07-09 09:09:18 [INFO] ==============================================
2026-07-09 09:11:24 [INFO] ==============================================
2026-07-09 09:11:24 [INFO] HTTP Method : GET
2026-07-09 09:11:24 [INFO] Request URL : https://reqres.in/api/users/2
2026-07-09 09:11:24 [INFO] Request Headers :
{
  "x-api-key": "pro_fafa16755c89ee2288ecc99d4e600a0f23efea710fa020d402c43c0d1ae77777"
}
2026-07-09 09:11:24 [INFO] Request Headers :
{
  "x-api-key": "pro_fafa16755c89ee2288ecc99d4e600a0f23efea710fa020d402c43c0d1ae77777"
}
2026-07-09 09:11:25 [INFO] Response Status : 200
2026-07-09 09:11:25 [INFO] Response Body :
{
  "data": {
    "id": 2,
    "email": "janet.weaver@reqres.in",
    "first_name": "Janet",
    "last_name": "Weaver",
    "avatar": "https://reqres.in/img/faces/2-image.jpg"
  },
  "support": {
    "url": "https://benhowdle.im/first-cto-playbook?utm_source=reqres&utm_medium=json&utm_campaign=referral",
    "text": "Become a better CTO. A playbook of painful stories and practical advice from a two-time startup CTO."
  },
  "_meta": {
    "powered_by": "ReqRes",
    "docs_url": "https://app.reqres.in/documentation",
    "upgrade_url": "https://app.reqres.in/upgrade",
    "example_url": "https://app.reqres.in/examples/notes-app",
    "variant": "v1_b",
    "message": "This is a read-only demo endpoint. Sign up to create your own collections with full CRUD and auth.",
    "cta": {
      "label": "Get started",
      "url": "https://app.reqres.in/upgrade"
    },
    "context": "legacy_success"
  }
}
2026-07-09 09:11:25 [INFO] API Execution Completed.
2026-07-09 09:11:25 [INFO] ==============================================
2026-07-09 09:11:25 [INFO] ==============================================
2026-07-09 09:11:25 [INFO] HTTP Method : GET
2026-07-09 09:11:25 [INFO] Request URL : https://reqres.in/api/users/2
2026-07-09 09:11:25 [INFO] Request Headers :
{}
2026-07-09 09:11:25 [INFO] Request Headers :
{}
2026-07-09 09:11:25 [INFO] Response Status : 200
2026-07-09 09:11:25 [INFO] Response Body :
{
  "data": {
    "id": 2,
    "email": "janet.weaver@reqres.in",
    "first_name": "Janet",
    "last_name": "Weaver",
    "avatar": "https://reqres.in/img/faces/2-image.jpg"
  },
  "support": {
    "url": "https://benhowdle.im/first-cto-playbook?utm_source=reqres&utm_medium=json&utm_campaign=referral",
    "text": "Become a better CTO. A playbook of painful stories and practical advice from a two-time startup CTO."
  },
  "_meta": {
    "powered_by": "ReqRes",
    "docs_url": "https://app.reqres.in/documentation",
    "upgrade_url": "https://app.reqres.in/upgrade",
    "example_url": "https://app.reqres.in/examples/notes-app",
    "variant": "v1_b",
    "message": "This is a read-only demo endpoint. Sign up to create your own collections with full CRUD and auth.",
    "cta": {
      "label": "Get started",
      "url": "https://app.reqres.in/upgrade"
    },
    "context": "legacy_success"
  }
}
2026-07-09 09:11:25 [INFO] API Execution Completed.
2026-07-09 09:11:25 [INFO] ==============================================
2026-07-09 09:11:25 [INFO] ==============================================
2026-07-09 09:11:25 [INFO] HTTP Method : GET
2026-07-09 09:11:25 [INFO] Request URL : https://reqres.in/api/users/2
2026-07-09 09:11:25 [INFO] Request Headers :
{
  "x-api-key": "123456789"
}
2026-07-09 09:11:25 [INFO] Request Headers :
{
  "x-api-key": "123456789"
}
2026-07-09 09:11:25 [INFO] Response Status : 200
2026-07-09 09:11:25 [INFO] Response Body :
{
  "data": {
    "id": 2,
    "email": "janet.weaver@reqres.in",
    "first_name": "Janet",
    "last_name": "Weaver",
    "avatar": "https://reqres.in/img/faces/2-image.jpg"
  },
  "support": {
    "url": "https://benhowdle.im/first-cto-playbook?utm_source=reqres&utm_medium=json&utm_campaign=referral",
    "text": "Become a better CTO. A playbook of painful stories and practical advice from a two-time startup CTO."
  },
  "_meta": {
    "powered_by": "ReqRes",
    "docs_url": "https://app.reqres.in/documentation",
    "upgrade_url": "https://app.reqres.in/upgrade",
    "example_url": "https://app.reqres.in/examples/notes-app",
    "variant": "v1_b",
    "message": "This is a read-only demo endpoint. Sign up to create your own collections with full CRUD and auth.",
    "cta": {
      "label": "Get started",
      "url": "https://app.reqres.in/upgrade"
    },
    "context": "legacy_success"
  }
}
2026-07-09 09:11:25 [INFO] API Execution Completed.
2026-07-09 09:11:25 [INFO] ==============================================
2026-07-09 09:11:25 [INFO] ==============================================
2026-07-09 09:11:25 [INFO] HTTP Method : POST
2026-07-09 09:11:25 [INFO] Request URL : https://reqres.in/api/users
2026-07-09 09:11:25 [INFO] Request Headers :
{
  "x-api-key": "pro_fafa16755c89ee2288ecc99d4e600a0f23efea710fa020d402c43c0d1ae77777"
}
2026-07-09 09:11:25 [INFO] Request Headers :
{
  "x-api-key": "pro_fafa16755c89ee2288ecc99d4e600a0f23efea710fa020d402c43c0d1ae77777"
}
2026-07-09 09:11:25 [INFO] Request Body :
{
  "name": "Sean_1783568485080",
  "job": "Product Integration Associate"
}
2026-07-09 09:11:25 [INFO] Response Status : 201
2026-07-09 09:11:25 [INFO] Response Body :
{
  "name": "Sean_1783568485080",
  "job": "Product Integration Associate",
  "id": "84",
  "createdAt": "2026-07-09T03:41:25.459Z",
  "_meta": {
    "powered_by": "ReqRes",
    "docs_url": "https://app.reqres.in/documentation",
    "upgrade_url": "https://app.reqres.in/upgrade",
    "example_url": "https://app.reqres.in/examples/notes-app",
    "variant": "v1_b",
    "message": "This is a read-only demo endpoint. Sign up to create your own collections with full CRUD and auth.",
    "cta": {
      "label": "Get started",
      "url": "https://app.reqres.in/upgrade"
    },
    "context": "legacy_success"
  }
}
2026-07-09 09:11:25 [INFO] API Execution Completed.
2026-07-09 09:11:25 [INFO] ==============================================
2026-07-09 09:11:25 [INFO] ==============================================
2026-07-09 09:11:25 [INFO] HTTP Method : POST
2026-07-09 09:11:25 [INFO] Request URL : https://reqres.in/api/users
2026-07-09 09:11:25 [INFO] Request Headers :
{}
2026-07-09 09:11:25 [INFO] Request Headers :
{}
2026-07-09 09:11:25 [INFO] Request Body :
{
  "name": "Carol_1783568485546",
  "job": "District Brand Liaison"
}
2026-07-09 09:11:25 [INFO] Response Status : 401
2026-07-09 09:11:25 [INFO] Response Body :
{
  "error": "missing_api_key",
  "message": "The x-api-key header is required for this endpoint.",
  "hint": "Create a free key at app.reqres.in and send it as x-api-key.",
  "next_steps": [
    "Go to app.reqres.in/api-keys to get your key",
    "Add header: x-api-key: <your_key>",
    "For app user endpoints, use Authorization: Bearer <session_token> instead"
  ],
  "docs_url": "https://app.reqres.in/docs#authentication",
  "example_curl": "curl -H \"x-api-key: YOUR_API_KEY\" https://api.reqres.in/api/collections",
  "_meta": {
    "powered_by": "ReqRes",
    "docs_url": "https://app.reqres.in/documentation",
    "upgrade_url": "https://app.reqres.in/upgrade",
    "example_url": "https://app.reqres.in/examples/notes-app",
    "variant": "v1_b",
    "message": "Missing/invalid key. Grab a free key to keep responses consistent.",
    "cta": {
      "label": "Get started",
      "url": "https://app.reqres.in/api-keys"
    },
    "context": "invalid_key"
  }
}
2026-07-09 09:11:25 [INFO] API Execution Completed.
2026-07-09 09:11:25 [INFO] ==============================================
2026-07-09 09:11:25 [INFO] ==============================================
2026-07-09 09:11:25 [INFO] HTTP Method : POST
2026-07-09 09:11:25 [INFO] Request URL : https://reqres.in/api/users
2026-07-09 09:11:25 [INFO] Request Headers :
{
  "x-api-key": "123456789"
}
2026-07-09 09:11:25 [INFO] Request Headers :
{
  "x-api-key": "123456789"
}
2026-07-09 09:11:25 [INFO] Request Body :
{
  "name": "Woodrow_1783568485732",
  "job": "Internal Creative Orchestrator"
}
2026-07-09 09:11:25 [INFO] Response Status : 403
2026-07-09 09:11:25 [INFO] Response Body :
{
  "error": "invalid_api_key",
  "message": "This API key is not recognized or has been revoked.",
  "hint": "Check that your API key is correct and not expired.",
  "next_steps": [
    "Verify the key in your dashboard at app.reqres.in/api-keys",
    "Regenerate the key if needed",
    "Ensure you're using the correct key type (manage/public)"
  ],
  "docs_url": "https://app.reqres.in/docs#api-keys",
  "_meta": {
    "powered_by": "ReqRes",
    "docs_url": "https://app.reqres.in/documentation",
    "upgrade_url": "https://app.reqres.in/upgrade",
    "example_url": "https://app.reqres.in/examples/notes-app",
    "variant": "v1_b",
    "message": "Missing/invalid key. Grab a free key to keep responses consistent.",
    "cta": {
      "label": "Get started",
      "url": "https://app.reqres.in/api-keys"
    },
    "context": "invalid_key"
  }
}
2026-07-09 09:11:25 [INFO] API Execution Completed.
2026-07-09 09:11:25 [INFO] ==============================================
2026-07-09 09:11:25 [INFO] ==============================================
2026-07-09 09:11:25 [INFO] HTTP Method : PUT
2026-07-09 09:11:25 [INFO] Request URL : https://reqres.in/api/users/2
2026-07-09 09:11:25 [INFO] Request Headers :
{
  "x-api-key": "pro_fafa16755c89ee2288ecc99d4e600a0f23efea710fa020d402c43c0d1ae77777"
}
2026-07-09 09:11:25 [INFO] Request Headers :
{
  "x-api-key": "pro_fafa16755c89ee2288ecc99d4e600a0f23efea710fa020d402c43c0d1ae77777"
}
2026-07-09 09:11:25 [INFO] Request Body :
{
  "name": "Sophia_1783568485928",
  "job": "Global Assurance Orchestrator"
}
2026-07-09 09:11:26 [INFO] Response Status : 200
2026-07-09 09:11:26 [INFO] Response Body :
{
  "name": "Sophia_1783568485928",
  "job": "Global Assurance Orchestrator",
  "updatedAt": "2026-07-09T03:41:26.077Z",
  "_meta": {
    "powered_by": "ReqRes",
    "docs_url": "https://app.reqres.in/documentation",
    "upgrade_url": "https://app.reqres.in/upgrade",
    "example_url": "https://app.reqres.in/examples/notes-app",
    "variant": "v1_b",
    "message": "This is a read-only demo endpoint. Sign up to create your own collections with full CRUD and auth.",
    "cta": {
      "label": "Get started",
      "url": "https://app.reqres.in/upgrade"
    },
    "context": "legacy_success"
  }
}
2026-07-09 09:11:26 [INFO] API Execution Completed.
2026-07-09 09:11:26 [INFO] ==============================================
2026-07-09 09:11:26 [INFO] ==============================================
2026-07-09 09:11:26 [INFO] HTTP Method : PUT
2026-07-09 09:11:26 [INFO] Request URL : https://reqres.in/api/users/2
2026-07-09 09:11:26 [INFO] Request Headers :
{}
2026-07-09 09:11:26 [INFO] Request Headers :
{}
2026-07-09 09:11:26 [INFO] Request Body :
{
  "name": "Onie_1783568486118",
  "job": "Direct Accountability Designer"
}
2026-07-09 09:11:26 [INFO] Response Status : 401
2026-07-09 09:11:26 [INFO] Response Body :
{
  "error": "missing_api_key",
  "message": "The x-api-key header is required for this endpoint.",
  "hint": "Create a free key at app.reqres.in and send it as x-api-key.",
  "next_steps": [
    "Go to app.reqres.in/api-keys to get your key",
    "Add header: x-api-key: <your_key>",
    "For app user endpoints, use Authorization: Bearer <session_token> instead"
  ],
  "docs_url": "https://app.reqres.in/docs#authentication",
  "example_curl": "curl -H \"x-api-key: YOUR_API_KEY\" https://api.reqres.in/api/collections",
  "_meta": {
    "powered_by": "ReqRes",
    "docs_url": "https://app.reqres.in/documentation",
    "upgrade_url": "https://app.reqres.in/upgrade",
    "example_url": "https://app.reqres.in/examples/notes-app",
    "variant": "v1_b",
    "message": "Missing/invalid key. Grab a free key to keep responses consistent.",
    "cta": {
      "label": "Get started",
      "url": "https://app.reqres.in/api-keys"
    },
    "context": "invalid_key"
  }
}
2026-07-09 09:11:26 [INFO] API Execution Completed.
2026-07-09 09:11:26 [INFO] ==============================================
2026-07-09 09:11:26 [INFO] ==============================================
2026-07-09 09:11:26 [INFO] HTTP Method : PUT
2026-07-09 09:11:26 [INFO] Request URL : https://reqres.in/api/users/2
2026-07-09 09:11:26 [INFO] Request Headers :
{
  "x-api-key": "123456789"
}
2026-07-09 09:11:26 [INFO] Request Headers :
{
  "x-api-key": "123456789"
}
2026-07-09 09:11:26 [INFO] Request Body :
{
  "name": "Lesly_1783568486304",
  "job": "Central Communications Executive"
}
2026-07-09 09:11:26 [INFO] Response Status : 403
2026-07-09 09:11:26 [INFO] Response Body :
{
  "error": "invalid_api_key",
  "message": "This API key is not recognized or has been revoked.",
  "hint": "Check that your API key is correct and not expired.",
  "next_steps": [
    "Verify the key in your dashboard at app.reqres.in/api-keys",
    "Regenerate the key if needed",
    "Ensure you're using the correct key type (manage/public)"
  ],
  "docs_url": "https://app.reqres.in/docs#api-keys",
  "_meta": {
    "powered_by": "ReqRes",
    "docs_url": "https://app.reqres.in/documentation",
    "upgrade_url": "https://app.reqres.in/upgrade",
    "example_url": "https://app.reqres.in/examples/notes-app",
    "variant": "v1_b",
    "message": "Missing/invalid key. Grab a free key to keep responses consistent.",
    "cta": {
      "label": "Get started",
      "url": "https://app.reqres.in/api-keys"
    },
    "context": "invalid_key"
  }
}
2026-07-09 09:11:26 [INFO] API Execution Completed.
2026-07-09 09:11:26 [INFO] ==============================================
2026-07-09 09:11:26 [INFO] ==============================================
2026-07-09 09:11:26 [INFO] HTTP Method : DELETE
2026-07-09 09:11:26 [INFO] Request URL : https://reqres.in/api/users/2
2026-07-09 09:11:26 [INFO] Request Headers :
{
  "x-api-key": "pro_fafa16755c89ee2288ecc99d4e600a0f23efea710fa020d402c43c0d1ae77777"
}
2026-07-09 09:11:26 [INFO] Request Headers :
{
  "x-api-key": "pro_fafa16755c89ee2288ecc99d4e600a0f23efea710fa020d402c43c0d1ae77777"
}
2026-07-09 09:11:26 [WARN] Response Body : No JSON response returned.
2026-07-09 09:11:26 [INFO] API Execution Completed.
2026-07-09 09:11:26 [INFO] ==============================================
2026-07-09 09:11:26 [INFO] ==============================================
2026-07-09 09:11:26 [INFO] HTTP Method : DELETE
2026-07-09 09:11:26 [INFO] Request URL : https://reqres.in/api/users/2
2026-07-09 09:11:26 [INFO] Request Headers :
{}
2026-07-09 09:11:26 [INFO] Request Headers :
{}
2026-07-09 09:11:26 [INFO] Response Status : 401
2026-07-09 09:11:26 [INFO] Response Body :
{
  "error": "missing_api_key",
  "message": "The x-api-key header is required for this endpoint.",
  "hint": "Create a free key at app.reqres.in and send it as x-api-key.",
  "next_steps": [
    "Go to app.reqres.in/api-keys to get your key",
    "Add header: x-api-key: <your_key>",
    "For app user endpoints, use Authorization: Bearer <session_token> instead"
  ],
  "docs_url": "https://app.reqres.in/docs#authentication",
  "example_curl": "curl -H \"x-api-key: YOUR_API_KEY\" https://api.reqres.in/api/collections",
  "_meta": {
    "powered_by": "ReqRes",
    "docs_url": "https://app.reqres.in/documentation",
    "upgrade_url": "https://app.reqres.in/upgrade",
    "example_url": "https://app.reqres.in/examples/notes-app",
    "variant": "v1_b",
    "message": "Missing/invalid key. Grab a free key to keep responses consistent.",
    "cta": {
      "label": "Get started",
      "url": "https://app.reqres.in/api-keys"
    },
    "context": "invalid_key"
  }
}
2026-07-09 09:11:26 [INFO] API Execution Completed.
2026-07-09 09:11:26 [INFO] ==============================================
2026-07-09 09:11:26 [INFO] ==============================================
2026-07-09 09:11:26 [INFO] HTTP Method : DELETE
2026-07-09 09:11:26 [INFO] Request URL : https://reqres.in/api/users/2
2026-07-09 09:11:26 [INFO] Request Headers :
{
  "x-api-key": "123456789"
}
2026-07-09 09:11:26 [INFO] Request Headers :
{
  "x-api-key": "123456789"
}
2026-07-09 09:11:27 [INFO] Response Status : 403
2026-07-09 09:11:27 [INFO] Response Body :
{
  "error": "invalid_api_key",
  "message": "This API key is not recognized or has been revoked.",
  "hint": "Check that your API key is correct and not expired.",
  "next_steps": [
    "Verify the key in your dashboard at app.reqres.in/api-keys",
    "Regenerate the key if needed",
    "Ensure you're using the correct key type (manage/public)"
  ],
  "docs_url": "https://app.reqres.in/docs#api-keys",
  "_meta": {
    "powered_by": "ReqRes",
    "docs_url": "https://app.reqres.in/documentation",
    "upgrade_url": "https://app.reqres.in/upgrade",
    "example_url": "https://app.reqres.in/examples/notes-app",
    "variant": "v1_b",
    "message": "Missing/invalid key. Grab a free key to keep responses consistent.",
    "cta": {
      "label": "Get started",
      "url": "https://app.reqres.in/api-keys"
    },
    "context": "invalid_key"
  }
}
2026-07-09 09:11:27 [INFO] API Execution Completed.
2026-07-09 09:11:27 [INFO] ==============================================
2026-07-09 10:50:45 [INFO] ==============================================
2026-07-09 10:50:45 [INFO] HTTP Method : GET
2026-07-09 10:50:45 [INFO] Request URL : https://reqres.in/api/users/2
2026-07-09 10:50:45 [INFO] Request Headers :
{
  "x-api-key": "pro_fafa16755c89ee2288ecc99d4e600a0f23efea710fa020d402c43c0d1ae77777"
}
2026-07-09 10:50:45 [INFO] Request Headers :
{
  "x-api-key": "pro_fafa16755c89ee2288ecc99d4e600a0f23efea710fa020d402c43c0d1ae77777"
}
2026-07-09 10:50:46 [INFO] Response Status : 200
2026-07-09 10:50:46 [INFO] Response Body :
{
  "data": {
    "id": 2,
    "email": "janet.weaver@reqres.in",
    "first_name": "Janet",
    "last_name": "Weaver",
    "avatar": "https://reqres.in/img/faces/2-image.jpg"
  },
  "support": {
    "url": "https://benhowdle.im/first-cto-playbook?utm_source=reqres&utm_medium=json&utm_campaign=referral",
    "text": "Become a better CTO. A playbook of painful stories and practical advice from a two-time startup CTO."
  },
  "_meta": {
    "powered_by": "ReqRes",
    "docs_url": "https://app.reqres.in/documentation",
    "upgrade_url": "https://app.reqres.in/upgrade",
    "example_url": "https://app.reqres.in/examples/notes-app",
    "variant": "v1_b",
    "message": "This is a read-only demo endpoint. Sign up to create your own collections with full CRUD and auth.",
    "cta": {
      "label": "Get started",
      "url": "https://app.reqres.in/upgrade"
    },
    "context": "legacy_success"
  }
}
2026-07-09 10:50:46 [INFO] API Execution Completed.
2026-07-09 10:50:46 [INFO] ==============================================
2026-07-09 10:50:46 [INFO] ==============================================
2026-07-09 10:50:46 [INFO] HTTP Method : GET
2026-07-09 10:50:46 [INFO] Request URL : https://reqres.in/api/users/2
2026-07-09 10:50:46 [INFO] Request Headers :
{}
2026-07-09 10:50:46 [INFO] Request Headers :
{}
2026-07-09 10:50:46 [INFO] Response Status : 200
2026-07-09 10:50:46 [INFO] Response Body :
{
  "data": {
    "id": 2,
    "email": "janet.weaver@reqres.in",
    "first_name": "Janet",
    "last_name": "Weaver",
    "avatar": "https://reqres.in/img/faces/2-image.jpg"
  },
  "support": {
    "url": "https://benhowdle.im/first-cto-playbook?utm_source=reqres&utm_medium=json&utm_campaign=referral",
    "text": "Become a better CTO. A playbook of painful stories and practical advice from a two-time startup CTO."
  },
  "_meta": {
    "powered_by": "ReqRes",
    "docs_url": "https://app.reqres.in/documentation",
    "upgrade_url": "https://app.reqres.in/upgrade",
    "example_url": "https://app.reqres.in/examples/notes-app",
    "variant": "v1_b",
    "message": "This is a read-only demo endpoint. Sign up to create your own collections with full CRUD and auth.",
    "cta": {
      "label": "Get started",
      "url": "https://app.reqres.in/upgrade"
    },
    "context": "legacy_success"
  }
}
2026-07-09 10:50:46 [INFO] API Execution Completed.
2026-07-09 10:50:46 [INFO] ==============================================
2026-07-09 10:50:46 [INFO] ==============================================
2026-07-09 10:50:46 [INFO] HTTP Method : GET
2026-07-09 10:50:46 [INFO] Request URL : https://reqres.in/api/users/2
2026-07-09 10:50:46 [INFO] Request Headers :
{
  "x-api-key": "123456789"
}
2026-07-09 10:50:46 [INFO] Request Headers :
{
  "x-api-key": "123456789"
}
2026-07-09 10:50:46 [INFO] Response Status : 200
2026-07-09 10:50:46 [INFO] Response Body :
{
  "data": {
    "id": 2,
    "email": "janet.weaver@reqres.in",
    "first_name": "Janet",
    "last_name": "Weaver",
    "avatar": "https://reqres.in/img/faces/2-image.jpg"
  },
  "support": {
    "url": "https://benhowdle.im/first-cto-playbook?utm_source=reqres&utm_medium=json&utm_campaign=referral",
    "text": "Become a better CTO. A playbook of painful stories and practical advice from a two-time startup CTO."
  },
  "_meta": {
    "powered_by": "ReqRes",
    "docs_url": "https://app.reqres.in/documentation",
    "upgrade_url": "https://app.reqres.in/upgrade",
    "example_url": "https://app.reqres.in/examples/notes-app",
    "variant": "v1_b",
    "message": "This is a read-only demo endpoint. Sign up to create your own collections with full CRUD and auth.",
    "cta": {
      "label": "Get started",
      "url": "https://app.reqres.in/upgrade"
    },
    "context": "legacy_success"
  }
}
2026-07-09 10:50:46 [INFO] API Execution Completed.
2026-07-09 10:50:46 [INFO] ==============================================
2026-07-09 10:50:46 [INFO] ==============================================
2026-07-09 10:50:46 [INFO] HTTP Method : POST
2026-07-09 10:50:46 [INFO] Request URL : https://reqres.in/api/users
2026-07-09 10:50:46 [INFO] Request Headers :
{
  "x-api-key": "pro_fafa16755c89ee2288ecc99d4e600a0f23efea710fa020d402c43c0d1ae77777"
}
2026-07-09 10:50:46 [INFO] Request Headers :
{
  "x-api-key": "pro_fafa16755c89ee2288ecc99d4e600a0f23efea710fa020d402c43c0d1ae77777"
}
2026-07-09 10:50:46 [INFO] Request Body :
{
  "name": "Bradley_1783574446581",
  "job": "Forward Accountability Consultant"
}
2026-07-09 10:50:46 [INFO] Response Status : 201
2026-07-09 10:50:46 [INFO] Response Body :
{
  "name": "Bradley_1783574446581",
  "job": "Forward Accountability Consultant",
  "id": "30",
  "createdAt": "2026-07-09T05:20:47.027Z",
  "_meta": {
    "powered_by": "ReqRes",
    "docs_url": "https://app.reqres.in/documentation",
    "upgrade_url": "https://app.reqres.in/upgrade",
    "example_url": "https://app.reqres.in/examples/notes-app",
    "variant": "v1_b",
    "message": "This is a read-only demo endpoint. Sign up to create your own collections with full CRUD and auth.",
    "cta": {
      "label": "Get started",
      "url": "https://app.reqres.in/upgrade"
    },
    "context": "legacy_success"
  }
}
2026-07-09 10:50:46 [INFO] API Execution Completed.
2026-07-09 10:50:46 [INFO] ==============================================
2026-07-09 10:50:46 [INFO] ==============================================
2026-07-09 10:50:46 [INFO] HTTP Method : POST
2026-07-09 10:50:46 [INFO] Request URL : https://reqres.in/api/users
2026-07-09 10:50:46 [INFO] Request Headers :
{}
2026-07-09 10:50:46 [INFO] Request Headers :
{}
2026-07-09 10:50:46 [INFO] Request Body :
{
  "name": "Peggy_1783574446919",
  "job": "Central Intranet Officer"
}
2026-07-09 10:50:47 [INFO] Response Status : 401
2026-07-09 10:50:47 [INFO] Response Body :
{
  "error": "missing_api_key",
  "message": "The x-api-key header is required for this endpoint.",
  "hint": "Create a free key at app.reqres.in and send it as x-api-key.",
  "next_steps": [
    "Go to app.reqres.in/api-keys to get your key",
    "Add header: x-api-key: <your_key>",
    "For app user endpoints, use Authorization: Bearer <session_token> instead"
  ],
  "docs_url": "https://app.reqres.in/docs#authentication",
  "example_curl": "curl -H \"x-api-key: YOUR_API_KEY\" https://api.reqres.in/api/collections",
  "_meta": {
    "powered_by": "ReqRes",
    "docs_url": "https://app.reqres.in/documentation",
    "upgrade_url": "https://app.reqres.in/upgrade",
    "example_url": "https://app.reqres.in/examples/notes-app",
    "variant": "v1_b",
    "message": "Missing/invalid key. Grab a free key to keep responses consistent.",
    "cta": {
      "label": "Get started",
      "url": "https://app.reqres.in/api-keys"
    },
    "context": "invalid_key"
  }
}
2026-07-09 10:50:47 [INFO] API Execution Completed.
2026-07-09 10:50:47 [INFO] ==============================================
2026-07-09 10:50:47 [INFO] ==============================================
2026-07-09 10:50:47 [INFO] HTTP Method : POST
2026-07-09 10:50:47 [INFO] Request URL : https://reqres.in/api/users
2026-07-09 10:50:47 [INFO] Request Headers :
{
  "x-api-key": "123456789"
}
2026-07-09 10:50:47 [INFO] Request Headers :
{
  "x-api-key": "123456789"
}
2026-07-09 10:50:47 [INFO] Request Body :
{
  "name": "Clinton_1783574447109",
  "job": "Regional Quality Planner"
}
2026-07-09 10:50:47 [INFO] Response Status : 403
2026-07-09 10:50:47 [INFO] Response Body :
{
  "error": "invalid_api_key",
  "message": "This API key is not recognized or has been revoked.",
  "hint": "Check that your API key is correct and not expired.",
  "next_steps": [
    "Verify the key in your dashboard at app.reqres.in/api-keys",
    "Regenerate the key if needed",
    "Ensure you're using the correct key type (manage/public)"
  ],
  "docs_url": "https://app.reqres.in/docs#api-keys",
  "_meta": {
    "powered_by": "ReqRes",
    "docs_url": "https://app.reqres.in/documentation",
    "upgrade_url": "https://app.reqres.in/upgrade",
    "example_url": "https://app.reqres.in/examples/notes-app",
    "variant": "v1_b",
    "message": "Missing/invalid key. Grab a free key to keep responses consistent.",
    "cta": {
      "label": "Get started",
      "url": "https://app.reqres.in/api-keys"
    },
    "context": "invalid_key"
  }
}
2026-07-09 10:50:47 [INFO] API Execution Completed.
2026-07-09 10:50:47 [INFO] ==============================================
2026-07-09 10:50:47 [INFO] ==============================================
2026-07-09 10:50:47 [INFO] HTTP Method : PUT
2026-07-09 10:50:47 [INFO] Request URL : https://reqres.in/api/users/2
2026-07-09 10:50:47 [INFO] Request Headers :
{
  "x-api-key": "pro_fafa16755c89ee2288ecc99d4e600a0f23efea710fa020d402c43c0d1ae77777"
}
2026-07-09 10:50:47 [INFO] Request Headers :
{
  "x-api-key": "pro_fafa16755c89ee2288ecc99d4e600a0f23efea710fa020d402c43c0d1ae77777"
}
2026-07-09 10:50:47 [INFO] Request Body :
{
  "name": "Natalia_1783574447302",
  "job": "Senior Marketing Agent"
}
2026-07-09 10:50:47 [INFO] Response Status : 200
2026-07-09 10:50:47 [INFO] Response Body :
{
  "name": "Natalia_1783574447302",
  "job": "Senior Marketing Agent",
  "updatedAt": "2026-07-09T05:20:47.603Z",
  "_meta": {
    "powered_by": "ReqRes",
    "docs_url": "https://app.reqres.in/documentation",
    "upgrade_url": "https://app.reqres.in/upgrade",
    "example_url": "https://app.reqres.in/examples/notes-app",
    "variant": "v1_b",
    "message": "This is a read-only demo endpoint. Sign up to create your own collections with full CRUD and auth.",
    "cta": {
      "label": "Get started",
      "url": "https://app.reqres.in/upgrade"
    },
    "context": "legacy_success"
  }
}
2026-07-09 10:50:47 [INFO] API Execution Completed.
2026-07-09 10:50:47 [INFO] ==============================================
2026-07-09 10:50:47 [INFO] ==============================================
2026-07-09 10:50:47 [INFO] HTTP Method : PUT
2026-07-09 10:50:47 [INFO] Request URL : https://reqres.in/api/users/2
2026-07-09 10:50:47 [INFO] Request Headers :
{}
2026-07-09 10:50:47 [INFO] Request Headers :
{}
2026-07-09 10:50:47 [INFO] Request Body :
{
  "name": "Kody_1783574447492",
  "job": "Dynamic Division Associate"
}
2026-07-09 10:50:47 [INFO] Response Status : 401
2026-07-09 10:50:47 [INFO] Response Body :
{
  "error": "missing_api_key",
  "message": "The x-api-key header is required for this endpoint.",
  "hint": "Create a free key at app.reqres.in and send it as x-api-key.",
  "next_steps": [
    "Go to app.reqres.in/api-keys to get your key",
    "Add header: x-api-key: <your_key>",
    "For app user endpoints, use Authorization: Bearer <session_token> instead"
  ],
  "docs_url": "https://app.reqres.in/docs#authentication",
  "example_curl": "curl -H \"x-api-key: YOUR_API_KEY\" https://api.reqres.in/api/collections",
  "_meta": {
    "powered_by": "ReqRes",
    "docs_url": "https://app.reqres.in/documentation",
    "upgrade_url": "https://app.reqres.in/upgrade",
    "example_url": "https://app.reqres.in/examples/notes-app",
    "variant": "v1_b",
    "message": "Missing/invalid key. Grab a free key to keep responses consistent.",
    "cta": {
      "label": "Get started",
      "url": "https://app.reqres.in/api-keys"
    },
    "context": "invalid_key"
  }
}
2026-07-09 10:50:47 [INFO] API Execution Completed.
2026-07-09 10:50:47 [INFO] ==============================================
2026-07-09 10:50:47 [INFO] ==============================================
2026-07-09 10:50:47 [INFO] HTTP Method : PUT
2026-07-09 10:50:47 [INFO] Request URL : https://reqres.in/api/users/2
2026-07-09 10:50:47 [INFO] Request Headers :
{
  "x-api-key": "123456789"
}
2026-07-09 10:50:47 [INFO] Request Headers :
{
  "x-api-key": "123456789"
}
2026-07-09 10:50:47 [INFO] Request Body :
{
  "name": "Ottilie_1783574447682",
  "job": "Internal Accountability Administrator"
}
2026-07-09 10:50:47 [INFO] Response Status : 403
2026-07-09 10:50:47 [INFO] Response Body :
{
  "error": "invalid_api_key",
  "message": "This API key is not recognized or has been revoked.",
  "hint": "Check that your API key is correct and not expired.",
  "next_steps": [
    "Verify the key in your dashboard at app.reqres.in/api-keys",
    "Regenerate the key if needed",
    "Ensure you're using the correct key type (manage/public)"
  ],
  "docs_url": "https://app.reqres.in/docs#api-keys",
  "_meta": {
    "powered_by": "ReqRes",
    "docs_url": "https://app.reqres.in/documentation",
    "upgrade_url": "https://app.reqres.in/upgrade",
    "example_url": "https://app.reqres.in/examples/notes-app",
    "variant": "v1_b",
    "message": "Missing/invalid key. Grab a free key to keep responses consistent.",
    "cta": {
      "label": "Get started",
      "url": "https://app.reqres.in/api-keys"
    },
    "context": "invalid_key"
  }
}
2026-07-09 10:50:47 [INFO] API Execution Completed.
2026-07-09 10:50:47 [INFO] ==============================================
2026-07-09 10:50:47 [INFO] ==============================================
2026-07-09 10:50:47 [INFO] HTTP Method : DELETE
2026-07-09 10:50:47 [INFO] Request URL : https://reqres.in/api/users/2
2026-07-09 10:50:47 [INFO] Request Headers :
{
  "x-api-key": "pro_fafa16755c89ee2288ecc99d4e600a0f23efea710fa020d402c43c0d1ae77777"
}
2026-07-09 10:50:47 [INFO] Request Headers :
{
  "x-api-key": "pro_fafa16755c89ee2288ecc99d4e600a0f23efea710fa020d402c43c0d1ae77777"
}
2026-07-09 10:50:48 [WARN] Response Body : No JSON response returned.
2026-07-09 10:50:48 [INFO] API Execution Completed.
2026-07-09 10:50:48 [INFO] ==============================================
2026-07-09 10:50:48 [INFO] ==============================================
2026-07-09 10:50:48 [INFO] HTTP Method : DELETE
2026-07-09 10:50:48 [INFO] Request URL : https://reqres.in/api/users/2
2026-07-09 10:50:48 [INFO] Request Headers :
{}
2026-07-09 10:50:48 [INFO] Request Headers :
{}
2026-07-09 10:50:48 [INFO] Response Status : 401
2026-07-09 10:50:48 [INFO] Response Body :
{
  "error": "missing_api_key",
  "message": "The x-api-key header is required for this endpoint.",
  "hint": "Create a free key at app.reqres.in and send it as x-api-key.",
  "next_steps": [
    "Go to app.reqres.in/api-keys to get your key",
    "Add header: x-api-key: <your_key>",
    "For app user endpoints, use Authorization: Bearer <session_token> instead"
  ],
  "docs_url": "https://app.reqres.in/docs#authentication",
  "example_curl": "curl -H \"x-api-key: YOUR_API_KEY\" https://api.reqres.in/api/collections",
  "_meta": {
    "powered_by": "ReqRes",
    "docs_url": "https://app.reqres.in/documentation",
    "upgrade_url": "https://app.reqres.in/upgrade",
    "example_url": "https://app.reqres.in/examples/notes-app",
    "variant": "v1_b",
    "message": "Missing/invalid key. Grab a free key to keep responses consistent.",
    "cta": {
      "label": "Get started",
      "url": "https://app.reqres.in/api-keys"
    },
    "context": "invalid_key"
  }
}
2026-07-09 10:50:48 [INFO] API Execution Completed.
2026-07-09 10:50:48 [INFO] ==============================================
2026-07-09 10:50:48 [INFO] ==============================================
2026-07-09 10:50:48 [INFO] HTTP Method : DELETE
2026-07-09 10:50:48 [INFO] Request URL : https://reqres.in/api/users/2
2026-07-09 10:50:48 [INFO] Request Headers :
{
  "x-api-key": "123456789"
}
2026-07-09 10:50:48 [INFO] Request Headers :
{
  "x-api-key": "123456789"
}
2026-07-09 10:50:48 [INFO] Response Status : 403
2026-07-09 10:50:48 [INFO] Response Body :
{
  "error": "invalid_api_key",
  "message": "This API key is not recognized or has been revoked.",
  "hint": "Check that your API key is correct and not expired.",
  "next_steps": [
    "Verify the key in your dashboard at app.reqres.in/api-keys",
    "Regenerate the key if needed",
    "Ensure you're using the correct key type (manage/public)"
  ],
  "docs_url": "https://app.reqres.in/docs#api-keys",
  "_meta": {
    "powered_by": "ReqRes",
    "docs_url": "https://app.reqres.in/documentation",
    "upgrade_url": "https://app.reqres.in/upgrade",
    "example_url": "https://app.reqres.in/examples/notes-app",
    "variant": "v1_b",
    "message": "Missing/invalid key. Grab a free key to keep responses consistent.",
    "cta": {
      "label": "Get started",
      "url": "https://app.reqres.in/api-keys"
    },
    "context": "invalid_key"
  }
}
2026-07-09 10:50:48 [INFO] API Execution Completed.
2026-07-09 10:50:48 [INFO] ==============================================
2026-07-09 11:31:39 [INFO] ==============================================
2026-07-09 11:31:39 [INFO] HTTP Method : GET
2026-07-09 11:31:39 [INFO] Request URL : https://reqres.in/api/users/2
2026-07-09 11:31:39 [INFO] Request Headers :
{}
2026-07-09 11:31:39 [INFO] Request Headers :
{}
2026-07-09 11:31:39 [INFO] ==============================================
2026-07-09 11:31:39 [INFO] HTTP Method : GET
2026-07-09 11:31:39 [INFO] Request URL : https://reqres.in/api/users/2
2026-07-09 11:31:39 [INFO] Request Headers :
{
  "x-api-key": "pro_fafa16755c89ee2288ecc99d4e600a0f23efea710fa020d402c43c0d1ae77777"
}
2026-07-09 11:31:39 [INFO] Request Headers :
{
  "x-api-key": "pro_fafa16755c89ee2288ecc99d4e600a0f23efea710fa020d402c43c0d1ae77777"
}
2026-07-09 11:31:39 [INFO] ==============================================
2026-07-09 11:31:39 [INFO] HTTP Method : GET
2026-07-09 11:31:39 [INFO] Request URL : https://reqres.in/api/users/2
2026-07-09 11:31:39 [INFO] Request Headers :
{
  "x-api-key": "123456789"
}
2026-07-09 11:31:39 [INFO] Request Headers :
{
  "x-api-key": "123456789"
}
2026-07-09 11:31:39 [INFO] ==============================================
2026-07-09 11:31:39 [INFO] HTTP Method : POST
2026-07-09 11:31:39 [INFO] Request URL : https://reqres.in/api/users
2026-07-09 11:31:39 [INFO] Request Headers :
{
  "x-api-key": "pro_fafa16755c89ee2288ecc99d4e600a0f23efea710fa020d402c43c0d1ae77777"
}
2026-07-09 11:31:39 [INFO] Request Headers :
{
  "x-api-key": "pro_fafa16755c89ee2288ecc99d4e600a0f23efea710fa020d402c43c0d1ae77777"
}
2026-07-09 11:31:39 [INFO] Request Body :
{
  "name": "Toney_1783576899749",
  "job": "Regional Accounts Specialist"
}
2026-07-09 11:31:40 [INFO] Response Status : 401
2026-07-09 11:31:40 [INFO] Response Body :
{
  "error": "missing_api_key",
  "message": "The x-api-key header is required for this endpoint.",
  "hint": "Create a free key at app.reqres.in and send it as x-api-key.",
  "next_steps": [
    "Go to app.reqres.in/api-keys to get your key",
    "Add header: x-api-key: <your_key>",
    "For app user endpoints, use Authorization: Bearer <session_token> instead"
  ],
  "docs_url": "https://app.reqres.in/docs#authentication",
  "example_curl": "curl -H \"x-api-key: YOUR_API_KEY\" https://api.reqres.in/api/collections",
  "_meta": {
    "powered_by": "ReqRes",
    "docs_url": "https://app.reqres.in/documentation",
    "upgrade_url": "https://app.reqres.in/upgrade",
    "example_url": "https://app.reqres.in/examples/notes-app",
    "variant": "v1_b",
    "message": "Missing/invalid key. Grab a free key to keep responses consistent.",
    "cta": {
      "label": "Get started",
      "url": "https://app.reqres.in/api-keys"
    },
    "context": "invalid_key"
  }
}
2026-07-09 11:31:40 [INFO] API Execution Completed.
2026-07-09 11:31:40 [INFO] ==============================================
2026-07-09 11:31:40 [INFO] ==============================================
2026-07-09 11:31:40 [INFO] HTTP Method : POST
2026-07-09 11:31:40 [INFO] Request URL : https://reqres.in/api/users
2026-07-09 11:31:40 [INFO] Request Headers :
{}
2026-07-09 11:31:40 [INFO] Request Headers :
{}
2026-07-09 11:31:40 [INFO] Request Body :
{
  "name": "Laverne_1783576900122",
  "job": "Global Configuration Director"
}
2026-07-09 11:31:40 [INFO] Response Status : 201
2026-07-09 11:31:40 [INFO] Response Body :
{
  "name": "Toney_1783576899749",
  "job": "Regional Accounts Specialist",
  "id": "842",
  "createdAt": "2026-07-09T06:01:40.236Z",
  "_meta": {
    "powered_by": "ReqRes",
    "docs_url": "https://app.reqres.in/documentation",
    "upgrade_url": "https://app.reqres.in/upgrade",
    "example_url": "https://app.reqres.in/examples/notes-app",
    "variant": "v1_b",
    "message": "This is a read-only demo endpoint. Sign up to create your own collections with full CRUD and auth.",
    "cta": {
      "label": "Get started",
      "url": "https://app.reqres.in/upgrade"
    },
    "context": "legacy_success"
  }
}
2026-07-09 11:31:40 [INFO] API Execution Completed.
2026-07-09 11:31:40 [INFO] ==============================================
2026-07-09 11:31:40 [INFO] ==============================================
2026-07-09 11:31:40 [INFO] HTTP Method : POST
2026-07-09 11:31:40 [INFO] Request URL : https://reqres.in/api/users
2026-07-09 11:31:40 [INFO] Request Headers :
{
  "x-api-key": "123456789"
}
2026-07-09 11:31:40 [INFO] Request Headers :
{
  "x-api-key": "123456789"
}
2026-07-09 11:31:40 [INFO] Request Body :
{
  "name": "Erin_1783576900151",
  "job": "Regional Operations Architect"
}
2026-07-09 11:31:40 [INFO] Response Status : 403
2026-07-09 11:31:40 [INFO] Response Body :
{
  "error": "invalid_api_key",
  "message": "This API key is not recognized or has been revoked.",
  "hint": "Check that your API key is correct and not expired.",
  "next_steps": [
    "Verify the key in your dashboard at app.reqres.in/api-keys",
    "Regenerate the key if needed",
    "Ensure you're using the correct key type (manage/public)"
  ],
  "docs_url": "https://app.reqres.in/docs#api-keys",
  "_meta": {
    "powered_by": "ReqRes",
    "docs_url": "https://app.reqres.in/documentation",
    "upgrade_url": "https://app.reqres.in/upgrade",
    "example_url": "https://app.reqres.in/examples/notes-app",
    "variant": "v1_b",
    "message": "Missing/invalid key. Grab a free key to keep responses consistent.",
    "cta": {
      "label": "Get started",
      "url": "https://app.reqres.in/api-keys"
    },
    "context": "invalid_key"
  }
}
2026-07-09 11:31:40 [INFO] API Execution Completed.
2026-07-09 11:31:40 [INFO] ==============================================
2026-07-09 11:31:40 [INFO] ==============================================
2026-07-09 11:31:40 [INFO] HTTP Method : PUT
2026-07-09 11:31:40 [INFO] Request URL : https://reqres.in/api/users/2
2026-07-09 11:31:40 [INFO] Request Headers :
{
  "x-api-key": "pro_fafa16755c89ee2288ecc99d4e600a0f23efea710fa020d402c43c0d1ae77777"
}
2026-07-09 11:31:40 [INFO] Request Headers :
{
  "x-api-key": "pro_fafa16755c89ee2288ecc99d4e600a0f23efea710fa020d402c43c0d1ae77777"
}
2026-07-09 11:31:40 [INFO] Request Body :
{
  "name": "Latoya_1783576900279",
  "job": "Internal Mobility Engineer"
}
2026-07-09 11:31:40 [INFO] Response Status : 401
2026-07-09 11:31:40 [INFO] Response Body :
{
  "error": "missing_api_key",
  "message": "The x-api-key header is required for this endpoint.",
  "hint": "Create a free key at app.reqres.in and send it as x-api-key.",
  "next_steps": [
    "Go to app.reqres.in/api-keys to get your key",
    "Add header: x-api-key: <your_key>",
    "For app user endpoints, use Authorization: Bearer <session_token> instead"
  ],
  "docs_url": "https://app.reqres.in/docs#authentication",
  "example_curl": "curl -H \"x-api-key: YOUR_API_KEY\" https://api.reqres.in/api/collections",
  "_meta": {
    "powered_by": "ReqRes",
    "docs_url": "https://app.reqres.in/documentation",
    "upgrade_url": "https://app.reqres.in/upgrade",
    "example_url": "https://app.reqres.in/examples/notes-app",
    "variant": "v1_b",
    "message": "Missing/invalid key. Grab a free key to keep responses consistent.",
    "cta": {
      "label": "Get started",
      "url": "https://app.reqres.in/api-keys"
    },
    "context": "invalid_key"
  }
}
2026-07-09 11:31:40 [INFO] API Execution Completed.
2026-07-09 11:31:40 [INFO] ==============================================
2026-07-09 11:31:40 [INFO] ==============================================
2026-07-09 11:31:40 [INFO] HTTP Method : PUT
2026-07-09 11:31:40 [INFO] Request URL : https://reqres.in/api/users/2
2026-07-09 11:31:40 [INFO] Request Headers :
{}
2026-07-09 11:31:40 [INFO] Request Headers :
{}
2026-07-09 11:31:40 [INFO] Request Body :
{
  "name": "Ira_1783576900296",
  "job": "Internal Response Consultant"
}
2026-07-09 11:31:40 [INFO] Response Status : 200
2026-07-09 11:31:40 [INFO] Response Body :
{
  "data": {
    "id": 2,
    "email": "janet.weaver@reqres.in",
    "first_name": "Janet",
    "last_name": "Weaver",
    "avatar": "https://reqres.in/img/faces/2-image.jpg"
  },
  "support": {
    "url": "https://benhowdle.im/first-cto-playbook?utm_source=reqres&utm_medium=json&utm_campaign=referral",
    "text": "Become a better CTO. A playbook of painful stories and practical advice from a two-time startup CTO."
  },
  "_meta": {
    "powered_by": "ReqRes",
    "docs_url": "https://app.reqres.in/documentation",
    "upgrade_url": "https://app.reqres.in/upgrade",
    "example_url": "https://app.reqres.in/examples/notes-app",
    "variant": "v1_b",
    "message": "This is a read-only demo endpoint. Sign up to create your own collections with full CRUD and auth.",
    "cta": {
      "label": "Get started",
      "url": "https://app.reqres.in/upgrade"
    },
    "context": "legacy_success"
  }
}
2026-07-09 11:31:40 [INFO] API Execution Completed.
2026-07-09 11:31:40 [INFO] ==============================================
2026-07-09 11:31:40 [INFO] ==============================================
2026-07-09 11:31:40 [INFO] HTTP Method : PUT
2026-07-09 11:31:40 [INFO] Request URL : https://reqres.in/api/users/2
2026-07-09 11:31:40 [INFO] Request Headers :
{
  "x-api-key": "123456789"
}
2026-07-09 11:31:40 [INFO] Request Headers :
{
  "x-api-key": "123456789"
}
2026-07-09 11:31:40 [INFO] Request Body :
{
  "name": "Adriana_1783576900416",
  "job": "Direct Group Analyst"
}
2026-07-09 11:31:40 [INFO] Response Status : 200
2026-07-09 11:31:40 [INFO] Response Body :
{
  "name": "Latoya_1783576900279",
  "job": "Internal Mobility Engineer",
  "updatedAt": "2026-07-09T06:01:40.545Z",
  "_meta": {
    "powered_by": "ReqRes",
    "docs_url": "https://app.reqres.in/documentation",
    "upgrade_url": "https://app.reqres.in/upgrade",
    "example_url": "https://app.reqres.in/examples/notes-app",
    "variant": "v1_b",
    "message": "This is a read-only demo endpoint. Sign up to create your own collections with full CRUD and auth.",
    "cta": {
      "label": "Get started",
      "url": "https://app.reqres.in/upgrade"
    },
    "context": "legacy_success"
  }
}
2026-07-09 11:31:40 [INFO] API Execution Completed.
2026-07-09 11:31:40 [INFO] ==============================================
2026-07-09 11:31:40 [INFO] ==============================================
2026-07-09 11:31:40 [INFO] HTTP Method : DELETE
2026-07-09 11:31:40 [INFO] Request URL : https://reqres.in/api/users/2
2026-07-09 11:31:40 [INFO] Request Headers :
{
  "x-api-key": "pro_fafa16755c89ee2288ecc99d4e600a0f23efea710fa020d402c43c0d1ae77777"
}
2026-07-09 11:31:40 [INFO] Request Headers :
{
  "x-api-key": "pro_fafa16755c89ee2288ecc99d4e600a0f23efea710fa020d402c43c0d1ae77777"
}
2026-07-09 11:31:40 [INFO] Response Status : 403
2026-07-09 11:31:40 [INFO] Response Body :
{
  "error": "invalid_api_key",
  "message": "This API key is not recognized or has been revoked.",
  "hint": "Check that your API key is correct and not expired.",
  "next_steps": [
    "Verify the key in your dashboard at app.reqres.in/api-keys",
    "Regenerate the key if needed",
    "Ensure you're using the correct key type (manage/public)"
  ],
  "docs_url": "https://app.reqres.in/docs#api-keys",
  "_meta": {
    "powered_by": "ReqRes",
    "docs_url": "https://app.reqres.in/documentation",
    "upgrade_url": "https://app.reqres.in/upgrade",
    "example_url": "https://app.reqres.in/examples/notes-app",
    "variant": "v1_b",
    "message": "Missing/invalid key. Grab a free key to keep responses consistent.",
    "cta": {
      "label": "Get started",
      "url": "https://app.reqres.in/api-keys"
    },
    "context": "invalid_key"
  }
}
2026-07-09 11:31:40 [INFO] API Execution Completed.
2026-07-09 11:31:40 [INFO] ==============================================
2026-07-09 11:31:40 [INFO] ==============================================
2026-07-09 11:31:40 [INFO] HTTP Method : DELETE
2026-07-09 11:31:40 [INFO] Request URL : https://reqres.in/api/users/2
2026-07-09 11:31:40 [INFO] Request Headers :
{}
2026-07-09 11:31:40 [INFO] Request Headers :
{}
2026-07-09 11:31:40 [INFO] Response Status : 403
2026-07-09 11:31:40 [INFO] Response Body :
{
  "error": "invalid_api_key",
  "message": "This API key is not recognized or has been revoked.",
  "hint": "Check that your API key is correct and not expired.",
  "next_steps": [
    "Verify the key in your dashboard at app.reqres.in/api-keys",
    "Regenerate the key if needed",
    "Ensure you're using the correct key type (manage/public)"
  ],
  "docs_url": "https://app.reqres.in/docs#api-keys",
  "_meta": {
    "powered_by": "ReqRes",
    "docs_url": "https://app.reqres.in/documentation",
    "upgrade_url": "https://app.reqres.in/upgrade",
    "example_url": "https://app.reqres.in/examples/notes-app",
    "variant": "v1_b",
    "message": "Missing/invalid key. Grab a free key to keep responses consistent.",
    "cta": {
      "label": "Get started",
      "url": "https://app.reqres.in/api-keys"
    },
    "context": "invalid_key"
  }
}
2026-07-09 11:31:40 [INFO] API Execution Completed.
2026-07-09 11:31:40 [INFO] ==============================================
2026-07-09 11:31:40 [INFO] ==============================================
2026-07-09 11:31:40 [INFO] HTTP Method : DELETE
2026-07-09 11:31:40 [INFO] Request URL : https://reqres.in/api/users/2
2026-07-09 11:31:40 [INFO] Request Headers :
{
  "x-api-key": "123456789"
}
2026-07-09 11:31:40 [INFO] Request Headers :
{
  "x-api-key": "123456789"
}
2026-07-09 11:31:40 [INFO] Response Status : 401
2026-07-09 11:31:40 [INFO] Response Body :
{
  "error": "missing_api_key",
  "message": "The x-api-key header is required for this endpoint.",
  "hint": "Create a free key at app.reqres.in and send it as x-api-key.",
  "next_steps": [
    "Go to app.reqres.in/api-keys to get your key",
    "Add header: x-api-key: <your_key>",
    "For app user endpoints, use Authorization: Bearer <session_token> instead"
  ],
  "docs_url": "https://app.reqres.in/docs#authentication",
  "example_curl": "curl -H \"x-api-key: YOUR_API_KEY\" https://api.reqres.in/api/collections",
  "_meta": {
    "powered_by": "ReqRes",
    "docs_url": "https://app.reqres.in/documentation",
    "upgrade_url": "https://app.reqres.in/upgrade",
    "example_url": "https://app.reqres.in/examples/notes-app",
    "variant": "v1_b",
    "message": "Missing/invalid key. Grab a free key to keep responses consistent.",
    "cta": {
      "label": "Get started",
      "url": "https://app.reqres.in/api-keys"
    },
    "context": "invalid_key"
  }
}
2026-07-09 11:31:40 [INFO] API Execution Completed.
2026-07-09 11:31:40 [INFO] ==============================================
2026-07-09 11:31:40 [WARN] Response Body : No JSON response returned.
2026-07-09 11:31:40 [INFO] API Execution Completed.
2026-07-09 11:31:40 [INFO] ==============================================
2026-07-09 11:31:40 [INFO] Response Status : 401
2026-07-09 11:31:40 [INFO] Response Body :
{
  "error": "missing_api_key",
  "message": "The x-api-key header is required for this endpoint.",
  "hint": "Create a free key at app.reqres.in and send it as x-api-key.",
  "next_steps": [
    "Go to app.reqres.in/api-keys to get your key",
    "Add header: x-api-key: <your_key>",
    "For app user endpoints, use Authorization: Bearer <session_token> instead"
  ],
  "docs_url": "https://app.reqres.in/docs#authentication",
  "example_curl": "curl -H \"x-api-key: YOUR_API_KEY\" https://api.reqres.in/api/collections",
  "_meta": {
    "powered_by": "ReqRes",
    "docs_url": "https://app.reqres.in/documentation",
    "upgrade_url": "https://app.reqres.in/upgrade",
    "example_url": "https://app.reqres.in/examples/notes-app",
    "variant": "v1_b",
    "message": "Missing/invalid key. Grab a free key to keep responses consistent.",
    "cta": {
      "label": "Get started",
      "url": "https://app.reqres.in/api-keys"
    },
    "context": "invalid_key"
  }
}
2026-07-09 11:31:40 [INFO] API Execution Completed.
2026-07-09 11:31:40 [INFO] ==============================================
2026-07-09 11:31:40 [INFO] Response Status : 403
2026-07-09 11:31:40 [INFO] Response Body :
{
  "error": "invalid_api_key",
  "message": "This API key is not recognized or has been revoked.",
  "hint": "Check that your API key is correct and not expired.",
  "next_steps": [
    "Verify the key in your dashboard at app.reqres.in/api-keys",
    "Regenerate the key if needed",
    "Ensure you're using the correct key type (manage/public)"
  ],
  "docs_url": "https://app.reqres.in/docs#api-keys",
  "_meta": {
    "powered_by": "ReqRes",
    "docs_url": "https://app.reqres.in/documentation",
    "upgrade_url": "https://app.reqres.in/upgrade",
    "example_url": "https://app.reqres.in/examples/notes-app",
    "variant": "v1_b",
    "message": "Missing/invalid key. Grab a free key to keep responses consistent.",
    "cta": {
      "label": "Get started",
      "url": "https://app.reqres.in/api-keys"
    },
    "context": "invalid_key"
  }
}
2026-07-09 11:31:40 [INFO] API Execution Completed.
2026-07-09 11:31:40 [INFO] ==============================================
2026-07-09 11:57:31 [INFO] ==============================================
2026-07-09 11:57:31 [INFO] HTTP Method : GET
2026-07-09 11:57:31 [INFO] Request URL : https://reqres.in/api/users/2
2026-07-09 11:57:31 [INFO] Request Headers :
{
  "x-api-key": "pro_fafa16755c89ee2288ecc99d4e600a0f23efea710fa020d402c43c0d1ae77777"
}
2026-07-09 11:57:31 [INFO] Request Headers :
{
  "x-api-key": "pro_fafa16755c89ee2288ecc99d4e600a0f23efea710fa020d402c43c0d1ae77777"
}
2026-07-09 11:57:32 [INFO] Response Status : 200
2026-07-09 11:57:32 [INFO] Response Body :
{
  "data": {
    "id": 2,
    "email": "janet.weaver@reqres.in",
    "first_name": "Janet",
    "last_name": "Weaver",
    "avatar": "https://reqres.in/img/faces/2-image.jpg"
  },
  "support": {
    "url": "https://benhowdle.im/first-cto-playbook?utm_source=reqres&utm_medium=json&utm_campaign=referral",
    "text": "Become a better CTO. A playbook of painful stories and practical advice from a two-time startup CTO."
  },
  "_meta": {
    "powered_by": "ReqRes",
    "docs_url": "https://app.reqres.in/documentation",
    "upgrade_url": "https://app.reqres.in/upgrade",
    "example_url": "https://app.reqres.in/examples/notes-app",
    "variant": "v1_b",
    "message": "This is a read-only demo endpoint. Sign up to create your own collections with full CRUD and auth.",
    "cta": {
      "label": "Get started",
      "url": "https://app.reqres.in/upgrade"
    },
    "context": "legacy_success"
  }
}
2026-07-09 11:57:32 [INFO] API Execution Completed.
2026-07-09 11:57:32 [INFO] ==============================================
2026-07-09 12:00:04 [INFO] ==============================================
2026-07-09 12:00:04 [INFO] HTTP Method : GET
2026-07-09 12:00:04 [INFO] Request URL : https://reqres.in/api/users/2
2026-07-09 12:00:04 [INFO] Request Headers :
{
  "x-api-key": "pro_fafa16755c89ee2288ecc99d4e600a0f23efea710fa020d402c43c0d1ae77777"
}
2026-07-09 12:00:04 [INFO] Request Headers :
{
  "x-api-key": "pro_fafa16755c89ee2288ecc99d4e600a0f23efea710fa020d402c43c0d1ae77777"
}
2026-07-09 12:00:04 [INFO] Response Status : 200
2026-07-09 12:00:04 [INFO] Response Body :
{
  "data": {
    "id": 2,
    "email": "janet.weaver@reqres.in",
    "first_name": "Janet",
    "last_name": "Weaver",
    "avatar": "https://reqres.in/img/faces/2-image.jpg"
  },
  "support": {
    "url": "https://benhowdle.im/first-cto-playbook?utm_source=reqres&utm_medium=json&utm_campaign=referral",
    "text": "Become a better CTO. A playbook of painful stories and practical advice from a two-time startup CTO."
  },
  "_meta": {
    "powered_by": "ReqRes",
    "docs_url": "https://app.reqres.in/documentation",
    "upgrade_url": "https://app.reqres.in/upgrade",
    "example_url": "https://app.reqres.in/examples/notes-app",
    "variant": "v1_b",
    "message": "This is a read-only demo endpoint. Sign up to create your own collections with full CRUD and auth.",
    "cta": {
      "label": "Get started",
      "url": "https://app.reqres.in/upgrade"
    },
    "context": "legacy_success"
  }
}
2026-07-09 12:00:04 [INFO] API Execution Completed.
2026-07-09 12:00:04 [INFO] ==============================================
2026-07-09 12:03:16 [INFO] ==============================================
2026-07-09 12:03:16 [INFO] HTTP Method : GET
2026-07-09 12:03:16 [INFO] Request URL : https://reqres.in/api/users/2
2026-07-09 12:03:16 [INFO] Request Headers :
{
  "x-api-key": "pro_fafa16755c89ee2288ecc99d4e600a0f23efea710fa020d402c43c0d1ae77777"
}
2026-07-09 12:03:16 [INFO] Request Headers :
{
  "x-api-key": "pro_fafa16755c89ee2288ecc99d4e600a0f23efea710fa020d402c43c0d1ae77777"
}
2026-07-09 12:03:17 [INFO] Response Status : 200
2026-07-09 12:03:17 [INFO] Response Body :
{
  "data": {
    "id": 2,
    "email": "janet.weaver@reqres.in",
    "first_name": "Janet",
    "last_name": "Weaver",
    "avatar": "https://reqres.in/img/faces/2-image.jpg"
  },
  "support": {
    "url": "https://benhowdle.im/first-cto-playbook?utm_source=reqres&utm_medium=json&utm_campaign=referral",
    "text": "Become a better CTO. A playbook of painful stories and practical advice from a two-time startup CTO."
  },
  "_meta": {
    "powered_by": "ReqRes",
    "docs_url": "https://app.reqres.in/documentation",
    "upgrade_url": "https://app.reqres.in/upgrade",
    "example_url": "https://app.reqres.in/examples/notes-app",
    "variant": "v1_b",
    "message": "This is a read-only demo endpoint. Sign up to create your own collections with full CRUD and auth.",
    "cta": {
      "label": "Get started",
      "url": "https://app.reqres.in/upgrade"
    },
    "context": "legacy_success"
  }
}
2026-07-09 12:03:17 [INFO] API Execution Completed.
2026-07-09 12:03:17 [INFO] ==============================================
2026-07-09 12:03:17 [INFO] ==============================================
2026-07-09 12:03:17 [INFO] HTTP Method : GET
2026-07-09 12:03:17 [INFO] Request URL : https://reqres.in/api/users/2
2026-07-09 12:03:17 [INFO] Request Headers :
{}
2026-07-09 12:03:17 [INFO] Request Headers :
{}
2026-07-09 12:03:17 [INFO] Response Status : 200
2026-07-09 12:03:17 [INFO] Response Body :
{
  "data": {
    "id": 2,
    "email": "janet.weaver@reqres.in",
    "first_name": "Janet",
    "last_name": "Weaver",
    "avatar": "https://reqres.in/img/faces/2-image.jpg"
  },
  "support": {
    "url": "https://benhowdle.im/first-cto-playbook?utm_source=reqres&utm_medium=json&utm_campaign=referral",
    "text": "Become a better CTO. A playbook of painful stories and practical advice from a two-time startup CTO."
  },
  "_meta": {
    "powered_by": "ReqRes",
    "docs_url": "https://app.reqres.in/documentation",
    "upgrade_url": "https://app.reqres.in/upgrade",
    "example_url": "https://app.reqres.in/examples/notes-app",
    "variant": "v1_b",
    "message": "This is a read-only demo endpoint. Sign up to create your own collections with full CRUD and auth.",
    "cta": {
      "label": "Get started",
      "url": "https://app.reqres.in/upgrade"
    },
    "context": "legacy_success"
  }
}
2026-07-09 12:03:17 [INFO] API Execution Completed.
2026-07-09 12:03:17 [INFO] ==============================================
2026-07-09 12:03:17 [INFO] ==============================================
2026-07-09 12:03:17 [INFO] HTTP Method : GET
2026-07-09 12:03:17 [INFO] Request URL : https://reqres.in/api/users/2
2026-07-09 12:03:17 [INFO] Request Headers :
{
  "x-api-key": "123456789"
}
2026-07-09 12:03:17 [INFO] Request Headers :
{
  "x-api-key": "123456789"
}
2026-07-09 12:03:17 [INFO] Response Status : 200
2026-07-09 12:03:17 [INFO] Response Body :
{
  "data": {
    "id": 2,
    "email": "janet.weaver@reqres.in",
    "first_name": "Janet",
    "last_name": "Weaver",
    "avatar": "https://reqres.in/img/faces/2-image.jpg"
  },
  "support": {
    "url": "https://benhowdle.im/first-cto-playbook?utm_source=reqres&utm_medium=json&utm_campaign=referral",
    "text": "Become a better CTO. A playbook of painful stories and practical advice from a two-time startup CTO."
  },
  "_meta": {
    "powered_by": "ReqRes",
    "docs_url": "https://app.reqres.in/documentation",
    "upgrade_url": "https://app.reqres.in/upgrade",
    "example_url": "https://app.reqres.in/examples/notes-app",
    "variant": "v1_b",
    "message": "This is a read-only demo endpoint. Sign up to create your own collections with full CRUD and auth.",
    "cta": {
      "label": "Get started",
      "url": "https://app.reqres.in/upgrade"
    },
    "context": "legacy_success"
  }
}
2026-07-09 12:03:17 [INFO] API Execution Completed.
2026-07-09 12:03:17 [INFO] ==============================================
2026-07-09 12:07:13 [INFO] ==============================================
2026-07-09 12:07:13 [INFO] HTTP Method : GET
2026-07-09 12:07:13 [INFO] Request URL : https://reqres.in/api/users/2
2026-07-09 12:07:13 [INFO] Request Headers :
{
  "x-api-key": "pro_fafa16755c89ee2288ecc99d4e600a0f23efea710fa020d402c43c0d1ae77777"
}
2026-07-09 12:07:13 [INFO] Request Headers :
{
  "x-api-key": "pro_fafa16755c89ee2288ecc99d4e600a0f23efea710fa020d402c43c0d1ae77777"
}
2026-07-09 12:07:14 [INFO] Response Status : 200
2026-07-09 12:07:14 [INFO] Response Body :
{
  "data": {
    "id": 2,
    "email": "janet.weaver@reqres.in",
    "first_name": "Janet",
    "last_name": "Weaver",
    "avatar": "https://reqres.in/img/faces/2-image.jpg"
  },
  "support": {
    "url": "https://benhowdle.im/first-cto-playbook?utm_source=reqres&utm_medium=json&utm_campaign=referral",
    "text": "Become a better CTO. A playbook of painful stories and practical advice from a two-time startup CTO."
  },
  "_meta": {
    "powered_by": "ReqRes",
    "docs_url": "https://app.reqres.in/documentation",
    "upgrade_url": "https://app.reqres.in/upgrade",
    "example_url": "https://app.reqres.in/examples/notes-app",
    "variant": "v1_b",
    "message": "This is a read-only demo endpoint. Sign up to create your own collections with full CRUD and auth.",
    "cta": {
      "label": "Get started",
      "url": "https://app.reqres.in/upgrade"
    },
    "context": "legacy_success"
  }
}
2026-07-09 12:07:14 [INFO] API Execution Completed.
2026-07-09 12:07:14 [INFO] ==============================================
2026-07-09 12:07:14 [INFO] ==============================================
2026-07-09 12:07:14 [INFO] HTTP Method : GET
2026-07-09 12:07:14 [INFO] Request URL : https://reqres.in/api/users/2
2026-07-09 12:07:14 [INFO] Request Headers :
{}
2026-07-09 12:07:14 [INFO] Request Headers :
{}
2026-07-09 12:07:14 [INFO] Response Status : 200
2026-07-09 12:07:14 [INFO] Response Body :
{
  "data": {
    "id": 2,
    "email": "janet.weaver@reqres.in",
    "first_name": "Janet",
    "last_name": "Weaver",
    "avatar": "https://reqres.in/img/faces/2-image.jpg"
  },
  "support": {
    "url": "https://benhowdle.im/first-cto-playbook?utm_source=reqres&utm_medium=json&utm_campaign=referral",
    "text": "Become a better CTO. A playbook of painful stories and practical advice from a two-time startup CTO."
  },
  "_meta": {
    "powered_by": "ReqRes",
    "docs_url": "https://app.reqres.in/documentation",
    "upgrade_url": "https://app.reqres.in/upgrade",
    "example_url": "https://app.reqres.in/examples/notes-app",
    "variant": "v1_b",
    "message": "This is a read-only demo endpoint. Sign up to create your own collections with full CRUD and auth.",
    "cta": {
      "label": "Get started",
      "url": "https://app.reqres.in/upgrade"
    },
    "context": "legacy_success"
  }
}
2026-07-09 12:07:14 [INFO] API Execution Completed.
2026-07-09 12:07:14 [INFO] ==============================================
2026-07-09 12:07:14 [INFO] ==============================================
2026-07-09 12:07:14 [INFO] HTTP Method : GET
2026-07-09 12:07:14 [INFO] Request URL : https://reqres.in/api/users/2
2026-07-09 12:07:14 [INFO] Request Headers :
{
  "x-api-key": "123456789"
}
2026-07-09 12:07:14 [INFO] Request Headers :
{
  "x-api-key": "123456789"
}
2026-07-09 12:07:14 [INFO] Response Status : 200
2026-07-09 12:07:14 [INFO] Response Body :
{
  "data": {
    "id": 2,
    "email": "janet.weaver@reqres.in",
    "first_name": "Janet",
    "last_name": "Weaver",
    "avatar": "https://reqres.in/img/faces/2-image.jpg"
  },
  "support": {
    "url": "https://benhowdle.im/first-cto-playbook?utm_source=reqres&utm_medium=json&utm_campaign=referral",
    "text": "Become a better CTO. A playbook of painful stories and practical advice from a two-time startup CTO."
  },
  "_meta": {
    "powered_by": "ReqRes",
    "docs_url": "https://app.reqres.in/documentation",
    "upgrade_url": "https://app.reqres.in/upgrade",
    "example_url": "https://app.reqres.in/examples/notes-app",
    "variant": "v1_b",
    "message": "This is a read-only demo endpoint. Sign up to create your own collections with full CRUD and auth.",
    "cta": {
      "label": "Get started",
      "url": "https://app.reqres.in/upgrade"
    },
    "context": "legacy_success"
  }
}
2026-07-09 12:07:14 [INFO] API Execution Completed.
2026-07-09 12:07:14 [INFO] ==============================================
2026-07-09 12:07:14 [INFO] ==============================================
2026-07-09 12:07:14 [INFO] HTTP Method : POST
2026-07-09 12:07:14 [INFO] Request URL : https://reqres.in/api/users
2026-07-09 12:07:14 [INFO] Request Headers :
{
  "x-api-key": "pro_fafa16755c89ee2288ecc99d4e600a0f23efea710fa020d402c43c0d1ae77777"
}
2026-07-09 12:07:14 [INFO] Request Headers :
{
  "x-api-key": "pro_fafa16755c89ee2288ecc99d4e600a0f23efea710fa020d402c43c0d1ae77777"
}
2026-07-09 12:07:14 [INFO] Request Body :
{
  "name": "Kayden_1783579034399",
  "job": "Central Configuration Developer"
}
2026-07-09 12:07:14 [INFO] Response Status : 201
2026-07-09 12:07:14 [INFO] Response Body :
{
  "name": "Kayden_1783579034399",
  "job": "Central Configuration Developer",
  "id": "206",
  "createdAt": "2026-07-09T06:37:14.760Z",
  "_meta": {
    "powered_by": "ReqRes",
    "docs_url": "https://app.reqres.in/documentation",
    "upgrade_url": "https://app.reqres.in/upgrade",
    "example_url": "https://app.reqres.in/examples/notes-app",
    "variant": "v1_b",
    "message": "This is a read-only demo endpoint. Sign up to create your own collections with full CRUD and auth.",
    "cta": {
      "label": "Get started",
      "url": "https://app.reqres.in/upgrade"
    },
    "context": "legacy_success"
  }
}
2026-07-09 12:07:14 [INFO] API Execution Completed.
2026-07-09 12:07:14 [INFO] ==============================================
2026-07-09 12:08:50 [INFO] ==============================================
2026-07-09 12:08:50 [INFO] HTTP Method : GET
2026-07-09 12:08:50 [INFO] Request URL : https://reqres.in/api/users/2
2026-07-09 12:08:50 [INFO] Request Headers :
{
  "x-api-key": "pro_fafa16755c89ee2288ecc99d4e600a0f23efea710fa020d402c43c0d1ae77777"
}
2026-07-09 12:08:50 [INFO] Request Headers :
{
  "x-api-key": "pro_fafa16755c89ee2288ecc99d4e600a0f23efea710fa020d402c43c0d1ae77777"
}
2026-07-09 12:08:50 [INFO] Response Status : 200
2026-07-09 12:08:50 [INFO] Response Body :
{
  "data": {
    "id": 2,
    "email": "janet.weaver@reqres.in",
    "first_name": "Janet",
    "last_name": "Weaver",
    "avatar": "https://reqres.in/img/faces/2-image.jpg"
  },
  "support": {
    "url": "https://benhowdle.im/first-cto-playbook?utm_source=reqres&utm_medium=json&utm_campaign=referral",
    "text": "Become a better CTO. A playbook of painful stories and practical advice from a two-time startup CTO."
  },
  "_meta": {
    "powered_by": "ReqRes",
    "docs_url": "https://app.reqres.in/documentation",
    "upgrade_url": "https://app.reqres.in/upgrade",
    "example_url": "https://app.reqres.in/examples/notes-app",
    "variant": "v1_b",
    "message": "This is a read-only demo endpoint. Sign up to create your own collections with full CRUD and auth.",
    "cta": {
      "label": "Get started",
      "url": "https://app.reqres.in/upgrade"
    },
    "context": "legacy_success"
  }
}
2026-07-09 12:08:50 [INFO] API Execution Completed.
2026-07-09 12:08:50 [INFO] ==============================================
2026-07-09 12:08:50 [INFO] ==============================================
2026-07-09 12:08:50 [INFO] HTTP Method : GET
2026-07-09 12:08:50 [INFO] Request URL : https://reqres.in/api/users/2
2026-07-09 12:08:50 [INFO] Request Headers :
{}
2026-07-09 12:08:50 [INFO] Request Headers :
{}
2026-07-09 12:08:50 [INFO] Response Status : 200
2026-07-09 12:08:50 [INFO] Response Body :
{
  "data": {
    "id": 2,
    "email": "janet.weaver@reqres.in",
    "first_name": "Janet",
    "last_name": "Weaver",
    "avatar": "https://reqres.in/img/faces/2-image.jpg"
  },
  "support": {
    "url": "https://benhowdle.im/first-cto-playbook?utm_source=reqres&utm_medium=json&utm_campaign=referral",
    "text": "Become a better CTO. A playbook of painful stories and practical advice from a two-time startup CTO."
  },
  "_meta": {
    "powered_by": "ReqRes",
    "docs_url": "https://app.reqres.in/documentation",
    "upgrade_url": "https://app.reqres.in/upgrade",
    "example_url": "https://app.reqres.in/examples/notes-app",
    "variant": "v1_b",
    "message": "This is a read-only demo endpoint. Sign up to create your own collections with full CRUD and auth.",
    "cta": {
      "label": "Get started",
      "url": "https://app.reqres.in/upgrade"
    },
    "context": "legacy_success"
  }
}
2026-07-09 12:08:50 [INFO] API Execution Completed.
2026-07-09 12:08:50 [INFO] ==============================================
2026-07-09 12:08:50 [INFO] ==============================================
2026-07-09 12:08:50 [INFO] HTTP Method : GET
2026-07-09 12:08:50 [INFO] Request URL : https://reqres.in/api/users/2
2026-07-09 12:08:50 [INFO] Request Headers :
{
  "x-api-key": "123456789"
}
2026-07-09 12:08:50 [INFO] Request Headers :
{
  "x-api-key": "123456789"
}
2026-07-09 12:08:50 [INFO] Response Status : 200
2026-07-09 12:08:50 [INFO] Response Body :
{
  "data": {
    "id": 2,
    "email": "janet.weaver@reqres.in",
    "first_name": "Janet",
    "last_name": "Weaver",
    "avatar": "https://reqres.in/img/faces/2-image.jpg"
  },
  "support": {
    "url": "https://benhowdle.im/first-cto-playbook?utm_source=reqres&utm_medium=json&utm_campaign=referral",
    "text": "Become a better CTO. A playbook of painful stories and practical advice from a two-time startup CTO."
  },
  "_meta": {
    "powered_by": "ReqRes",
    "docs_url": "https://app.reqres.in/documentation",
    "upgrade_url": "https://app.reqres.in/upgrade",
    "example_url": "https://app.reqres.in/examples/notes-app",
    "variant": "v1_b",
    "message": "This is a read-only demo endpoint. Sign up to create your own collections with full CRUD and auth.",
    "cta": {
      "label": "Get started",
      "url": "https://app.reqres.in/upgrade"
    },
    "context": "legacy_success"
  }
}
2026-07-09 12:08:50 [INFO] API Execution Completed.
2026-07-09 12:08:50 [INFO] ==============================================
2026-07-09 12:08:50 [INFO] ==============================================
2026-07-09 12:08:50 [INFO] HTTP Method : POST
2026-07-09 12:08:50 [INFO] Request URL : https://reqres.in/api/users
2026-07-09 12:08:50 [INFO] Request Headers :
{
  "x-api-key": "pro_fafa16755c89ee2288ecc99d4e600a0f23efea710fa020d402c43c0d1ae77777"
}
2026-07-09 12:08:50 [INFO] Request Headers :
{
  "x-api-key": "pro_fafa16755c89ee2288ecc99d4e600a0f23efea710fa020d402c43c0d1ae77777"
}
2026-07-09 12:08:50 [INFO] Request Body :
{
  "name": "Krystel_1783579130675",
  "job": "Global Communications Consultant"
}
2026-07-09 12:08:50 [INFO] Response Status : 201
2026-07-09 12:08:50 [INFO] Response Body :
{
  "name": "Krystel_1783579130675",
  "job": "Global Communications Consultant",
  "id": "525",
  "createdAt": "2026-07-09T06:38:51.030Z",
  "_meta": {
    "powered_by": "ReqRes",
    "docs_url": "https://app.reqres.in/documentation",
    "upgrade_url": "https://app.reqres.in/upgrade",
    "example_url": "https://app.reqres.in/examples/notes-app",
    "variant": "v1_b",
    "message": "This is a read-only demo endpoint. Sign up to create your own collections with full CRUD and auth.",
    "cta": {
      "label": "Get started",
      "url": "https://app.reqres.in/upgrade"
    },
    "context": "legacy_success"
  }
}
2026-07-09 12:08:50 [INFO] API Execution Completed.
2026-07-09 12:08:50 [INFO] ==============================================
2026-07-09 12:08:51 [INFO] ==============================================
2026-07-09 12:08:51 [INFO] HTTP Method : POST
2026-07-09 12:08:51 [INFO] Request URL : https://reqres.in/api/users
2026-07-09 12:08:51 [INFO] Request Headers :
{}
2026-07-09 12:08:51 [INFO] Request Headers :
{}
2026-07-09 12:08:51 [INFO] Request Body :
{
  "name": "Joshua_1783579131005",
  "job": "National Intranet Manager"
}
2026-07-09 12:08:51 [INFO] Response Status : 401
2026-07-09 12:08:51 [INFO] Response Body :
{
  "error": "missing_api_key",
  "message": "The x-api-key header is required for this endpoint.",
  "hint": "Create a free key at app.reqres.in and send it as x-api-key.",
  "next_steps": [
    "Go to app.reqres.in/api-keys to get your key",
    "Add header: x-api-key: <your_key>",
    "For app user endpoints, use Authorization: Bearer <session_token> instead"
  ],
  "docs_url": "https://app.reqres.in/docs#authentication",
  "example_curl": "curl -H \"x-api-key: YOUR_API_KEY\" https://api.reqres.in/api/collections",
  "_meta": {
    "powered_by": "ReqRes",
    "docs_url": "https://app.reqres.in/documentation",
    "upgrade_url": "https://app.reqres.in/upgrade",
    "example_url": "https://app.reqres.in/examples/notes-app",
    "variant": "v1_b",
    "message": "Missing/invalid key. Grab a free key to keep responses consistent.",
    "cta": {
      "label": "Get started",
      "url": "https://app.reqres.in/api-keys"
    },
    "context": "invalid_key"
  }
}
2026-07-09 12:08:51 [INFO] API Execution Completed.
2026-07-09 12:08:51 [INFO] ==============================================
2026-07-09 12:08:51 [INFO] ==============================================
2026-07-09 12:08:51 [INFO] HTTP Method : POST
2026-07-09 12:08:51 [INFO] Request URL : https://reqres.in/api/users
2026-07-09 12:08:51 [INFO] Request Headers :
{
  "x-api-key": "123456789"
}
2026-07-09 12:08:51 [INFO] Request Headers :
{
  "x-api-key": "123456789"
}
2026-07-09 12:08:51 [INFO] Request Body :
{
  "name": "Philip_1783579131187",
  "job": "Investor Division Consultant"
}
2026-07-09 12:08:51 [INFO] Response Status : 403
2026-07-09 12:08:51 [INFO] Response Body :
{
  "error": "invalid_api_key",
  "message": "This API key is not recognized or has been revoked.",
  "hint": "Check that your API key is correct and not expired.",
  "next_steps": [
    "Verify the key in your dashboard at app.reqres.in/api-keys",
    "Regenerate the key if needed",
    "Ensure you're using the correct key type (manage/public)"
  ],
  "docs_url": "https://app.reqres.in/docs#api-keys",
  "_meta": {
    "powered_by": "ReqRes",
    "docs_url": "https://app.reqres.in/documentation",
    "upgrade_url": "https://app.reqres.in/upgrade",
    "example_url": "https://app.reqres.in/examples/notes-app",
    "variant": "v1_b",
    "message": "Missing/invalid key. Grab a free key to keep responses consistent.",
    "cta": {
      "label": "Get started",
      "url": "https://app.reqres.in/api-keys"
    },
    "context": "invalid_key"
  }
}
2026-07-09 12:08:51 [INFO] API Execution Completed.
2026-07-09 12:08:51 [INFO] ==============================================
2026-07-09 12:11:03 [INFO] ==============================================
2026-07-09 12:11:03 [INFO] HTTP Method : GET
2026-07-09 12:11:03 [INFO] Request URL : https://reqres.in/api/users/2
2026-07-09 12:11:03 [INFO] Request Headers :
{
  "x-api-key": "pro_fafa16755c89ee2288ecc99d4e600a0f23efea710fa020d402c43c0d1ae77777"
}
2026-07-09 12:11:03 [INFO] Request Headers :
{
  "x-api-key": "pro_fafa16755c89ee2288ecc99d4e600a0f23efea710fa020d402c43c0d1ae77777"
}
2026-07-09 12:11:03 [INFO] Response Status : 200
2026-07-09 12:11:03 [INFO] Response Body :
{
  "data": {
    "id": 2,
    "email": "janet.weaver@reqres.in",
    "first_name": "Janet",
    "last_name": "Weaver",
    "avatar": "https://reqres.in/img/faces/2-image.jpg"
  },
  "support": {
    "url": "https://benhowdle.im/first-cto-playbook?utm_source=reqres&utm_medium=json&utm_campaign=referral",
    "text": "Become a better CTO. A playbook of painful stories and practical advice from a two-time startup CTO."
  },
  "_meta": {
    "powered_by": "ReqRes",
    "docs_url": "https://app.reqres.in/documentation",
    "upgrade_url": "https://app.reqres.in/upgrade",
    "example_url": "https://app.reqres.in/examples/notes-app",
    "variant": "v1_b",
    "message": "This is a read-only demo endpoint. Sign up to create your own collections with full CRUD and auth.",
    "cta": {
      "label": "Get started",
      "url": "https://app.reqres.in/upgrade"
    },
    "context": "legacy_success"
  }
}
2026-07-09 12:11:03 [INFO] API Execution Completed.
2026-07-09 12:11:03 [INFO] ==============================================
2026-07-09 12:11:03 [INFO] ==============================================
2026-07-09 12:11:03 [INFO] HTTP Method : GET
2026-07-09 12:11:03 [INFO] Request URL : https://reqres.in/api/users/2
2026-07-09 12:11:03 [INFO] Request Headers :
{}
2026-07-09 12:11:03 [INFO] Request Headers :
{}
2026-07-09 12:11:03 [INFO] Response Status : 200
2026-07-09 12:11:03 [INFO] Response Body :
{
  "data": {
    "id": 2,
    "email": "janet.weaver@reqres.in",
    "first_name": "Janet",
    "last_name": "Weaver",
    "avatar": "https://reqres.in/img/faces/2-image.jpg"
  },
  "support": {
    "url": "https://benhowdle.im/first-cto-playbook?utm_source=reqres&utm_medium=json&utm_campaign=referral",
    "text": "Become a better CTO. A playbook of painful stories and practical advice from a two-time startup CTO."
  },
  "_meta": {
    "powered_by": "ReqRes",
    "docs_url": "https://app.reqres.in/documentation",
    "upgrade_url": "https://app.reqres.in/upgrade",
    "example_url": "https://app.reqres.in/examples/notes-app",
    "variant": "v1_b",
    "message": "This is a read-only demo endpoint. Sign up to create your own collections with full CRUD and auth.",
    "cta": {
      "label": "Get started",
      "url": "https://app.reqres.in/upgrade"
    },
    "context": "legacy_success"
  }
}
2026-07-09 12:11:03 [INFO] API Execution Completed.
2026-07-09 12:11:03 [INFO] ==============================================
2026-07-09 12:11:03 [INFO] ==============================================
2026-07-09 12:11:03 [INFO] HTTP Method : GET
2026-07-09 12:11:03 [INFO] Request URL : https://reqres.in/api/users/2
2026-07-09 12:11:03 [INFO] Request Headers :
{
  "x-api-key": "123456789"
}
2026-07-09 12:11:03 [INFO] Request Headers :
{
  "x-api-key": "123456789"
}
2026-07-09 12:11:03 [INFO] Response Status : 200
2026-07-09 12:11:03 [INFO] Response Body :
{
  "data": {
    "id": 2,
    "email": "janet.weaver@reqres.in",
    "first_name": "Janet",
    "last_name": "Weaver",
    "avatar": "https://reqres.in/img/faces/2-image.jpg"
  },
  "support": {
    "url": "https://benhowdle.im/first-cto-playbook?utm_source=reqres&utm_medium=json&utm_campaign=referral",
    "text": "Become a better CTO. A playbook of painful stories and practical advice from a two-time startup CTO."
  },
  "_meta": {
    "powered_by": "ReqRes",
    "docs_url": "https://app.reqres.in/documentation",
    "upgrade_url": "https://app.reqres.in/upgrade",
    "example_url": "https://app.reqres.in/examples/notes-app",
    "variant": "v1_b",
    "message": "This is a read-only demo endpoint. Sign up to create your own collections with full CRUD and auth.",
    "cta": {
      "label": "Get started",
      "url": "https://app.reqres.in/upgrade"
    },
    "context": "legacy_success"
  }
}
2026-07-09 12:11:03 [INFO] API Execution Completed.
2026-07-09 12:11:03 [INFO] ==============================================
2026-07-09 12:11:03 [INFO] ==============================================
2026-07-09 12:11:03 [INFO] HTTP Method : POST
2026-07-09 12:11:03 [INFO] Request URL : https://reqres.in/api/users
2026-07-09 12:11:03 [INFO] Request Headers :
{
  "x-api-key": "pro_fafa16755c89ee2288ecc99d4e600a0f23efea710fa020d402c43c0d1ae77777"
}
2026-07-09 12:11:03 [INFO] Request Headers :
{
  "x-api-key": "pro_fafa16755c89ee2288ecc99d4e600a0f23efea710fa020d402c43c0d1ae77777"
}
2026-07-09 12:11:03 [INFO] Request Body :
{
  "name": "Nolan_1783579263878",
  "job": "National Integration Engineer"
}
2026-07-09 12:11:04 [INFO] Response Status : 201
2026-07-09 12:11:04 [INFO] Response Body :
{
  "name": "Nolan_1783579263878",
  "job": "National Integration Engineer",
  "id": "553",
  "createdAt": "2026-07-09T06:41:04.312Z",
  "_meta": {
    "powered_by": "ReqRes",
    "docs_url": "https://app.reqres.in/documentation",
    "upgrade_url": "https://app.reqres.in/upgrade",
    "example_url": "https://app.reqres.in/examples/notes-app",
    "variant": "v1_b",
    "message": "This is a read-only demo endpoint. Sign up to create your own collections with full CRUD and auth.",
    "cta": {
      "label": "Get started",
      "url": "https://app.reqres.in/upgrade"
    },
    "context": "legacy_success"
  }
}
2026-07-09 12:11:04 [INFO] API Execution Completed.
2026-07-09 12:11:04 [INFO] ==============================================
2026-07-09 12:11:04 [INFO] ==============================================
2026-07-09 12:11:04 [INFO] HTTP Method : POST
2026-07-09 12:11:04 [INFO] Request URL : https://reqres.in/api/users
2026-07-09 12:11:04 [INFO] Request Headers :
{}
2026-07-09 12:11:04 [INFO] Request Headers :
{}
2026-07-09 12:11:04 [INFO] Request Body :
{
  "name": "Eryn_1783579264292",
  "job": "National Accounts Supervisor"
}
2026-07-09 12:11:04 [INFO] Response Status : 401
2026-07-09 12:11:04 [INFO] Response Body :
{
  "error": "missing_api_key",
  "message": "The x-api-key header is required for this endpoint.",
  "hint": "Create a free key at app.reqres.in and send it as x-api-key.",
  "next_steps": [
    "Go to app.reqres.in/api-keys to get your key",
    "Add header: x-api-key: <your_key>",
    "For app user endpoints, use Authorization: Bearer <session_token> instead"
  ],
  "docs_url": "https://app.reqres.in/docs#authentication",
  "example_curl": "curl -H \"x-api-key: YOUR_API_KEY\" https://api.reqres.in/api/collections",
  "_meta": {
    "powered_by": "ReqRes",
    "docs_url": "https://app.reqres.in/documentation",
    "upgrade_url": "https://app.reqres.in/upgrade",
    "example_url": "https://app.reqres.in/examples/notes-app",
    "variant": "v1_b",
    "message": "Missing/invalid key. Grab a free key to keep responses consistent.",
    "cta": {
      "label": "Get started",
      "url": "https://app.reqres.in/api-keys"
    },
    "context": "invalid_key"
  }
}
2026-07-09 12:11:04 [INFO] API Execution Completed.
2026-07-09 12:11:04 [INFO] ==============================================
2026-07-09 12:11:04 [INFO] ==============================================
2026-07-09 12:11:04 [INFO] HTTP Method : POST
2026-07-09 12:11:04 [INFO] Request URL : https://reqres.in/api/users
2026-07-09 12:11:04 [INFO] Request Headers :
{
  "x-api-key": "123456789"
}
2026-07-09 12:11:04 [INFO] Request Headers :
{
  "x-api-key": "123456789"
}
2026-07-09 12:11:04 [INFO] Request Body :
{
  "name": "Abel_1783579264494",
  "job": "Principal Markets Planner"
}
2026-07-09 12:11:04 [INFO] Response Status : 403
2026-07-09 12:11:04 [INFO] Response Body :
{
  "error": "invalid_api_key",
  "message": "This API key is not recognized or has been revoked.",
  "hint": "Check that your API key is correct and not expired.",
  "next_steps": [
    "Verify the key in your dashboard at app.reqres.in/api-keys",
    "Regenerate the key if needed",
    "Ensure you're using the correct key type (manage/public)"
  ],
  "docs_url": "https://app.reqres.in/docs#api-keys",
  "_meta": {
    "powered_by": "ReqRes",
    "docs_url": "https://app.reqres.in/documentation",
    "upgrade_url": "https://app.reqres.in/upgrade",
    "example_url": "https://app.reqres.in/examples/notes-app",
    "variant": "v1_b",
    "message": "Missing/invalid key. Grab a free key to keep responses consistent.",
    "cta": {
      "label": "Get started",
      "url": "https://app.reqres.in/api-keys"
    },
    "context": "invalid_key"
  }
}
2026-07-09 12:11:04 [INFO] API Execution Completed.
2026-07-09 12:11:04 [INFO] ==============================================
2026-07-09 12:11:04 [INFO] ==============================================
2026-07-09 12:11:04 [INFO] HTTP Method : PUT
2026-07-09 12:11:04 [INFO] Request URL : https://reqres.in/api/users/2
2026-07-09 12:11:04 [INFO] Request Headers :
{
  "x-api-key": "pro_fafa16755c89ee2288ecc99d4e600a0f23efea710fa020d402c43c0d1ae77777"
}
2026-07-09 12:11:04 [INFO] Request Headers :
{
  "x-api-key": "pro_fafa16755c89ee2288ecc99d4e600a0f23efea710fa020d402c43c0d1ae77777"
}
2026-07-09 12:11:04 [INFO] Request Body :
{
  "name": "Helen_1783579264676",
  "job": "International Infrastructure Technician"
}
2026-07-09 12:11:04 [INFO] Response Status : 200
2026-07-09 12:11:04 [INFO] Response Body :
{
  "name": "Helen_1783579264676",
  "job": "International Infrastructure Technician",
  "updatedAt": "2026-07-09T06:41:04.889Z",
  "_meta": {
    "powered_by": "ReqRes",
    "docs_url": "https://app.reqres.in/documentation",
    "upgrade_url": "https://app.reqres.in/upgrade",
    "example_url": "https://app.reqres.in/examples/notes-app",
    "variant": "v1_b",
    "message": "This is a read-only demo endpoint. Sign up to create your own collections with full CRUD and auth.",
    "cta": {
      "label": "Get started",
      "url": "https://app.reqres.in/upgrade"
    },
    "context": "legacy_success"
  }
}
2026-07-09 12:11:04 [INFO] API Execution Completed.
2026-07-09 12:11:04 [INFO] ==============================================
2026-07-09 12:11:04 [INFO] ==============================================
2026-07-09 12:11:04 [INFO] HTTP Method : PUT
2026-07-09 12:11:04 [INFO] Request URL : https://reqres.in/api/users/2
2026-07-09 12:11:04 [INFO] Request Headers :
{}
2026-07-09 12:11:04 [INFO] Request Headers :
{}
2026-07-09 12:11:04 [INFO] Request Body :
{
  "name": "Nettie_1783579264868",
  "job": "Principal Intranet Associate"
}
2026-07-09 12:11:05 [INFO] Response Status : 401
2026-07-09 12:11:05 [INFO] Response Body :
{
  "error": "missing_api_key",
  "message": "The x-api-key header is required for this endpoint.",
  "hint": "Create a free key at app.reqres.in and send it as x-api-key.",
  "next_steps": [
    "Go to app.reqres.in/api-keys to get your key",
    "Add header: x-api-key: <your_key>",
    "For app user endpoints, use Authorization: Bearer <session_token> instead"
  ],
  "docs_url": "https://app.reqres.in/docs#authentication",
  "example_curl": "curl -H \"x-api-key: YOUR_API_KEY\" https://api.reqres.in/api/collections",
  "_meta": {
    "powered_by": "ReqRes",
    "docs_url": "https://app.reqres.in/documentation",
    "upgrade_url": "https://app.reqres.in/upgrade",
    "example_url": "https://app.reqres.in/examples/notes-app",
    "variant": "v1_b",
    "message": "Missing/invalid key. Grab a free key to keep responses consistent.",
    "cta": {
      "label": "Get started",
      "url": "https://app.reqres.in/api-keys"
    },
    "context": "invalid_key"
  }
}
2026-07-09 12:11:05 [INFO] API Execution Completed.
2026-07-09 12:11:05 [INFO] ==============================================
2026-07-09 12:11:05 [INFO] ==============================================
2026-07-09 12:11:05 [INFO] HTTP Method : PUT
2026-07-09 12:11:05 [INFO] Request URL : https://reqres.in/api/users/2
2026-07-09 12:11:05 [INFO] Request Headers :
{
  "x-api-key": "123456789"
}
2026-07-09 12:11:05 [INFO] Request Headers :
{
  "x-api-key": "123456789"
}
2026-07-09 12:11:05 [INFO] Request Body :
{
  "name": "Steven_1783579265046",
  "job": "Central Interactions Engineer"
}
2026-07-09 12:11:05 [INFO] Response Status : 403
2026-07-09 12:11:05 [INFO] Response Body :
{
  "error": "invalid_api_key",
  "message": "This API key is not recognized or has been revoked.",
  "hint": "Check that your API key is correct and not expired.",
  "next_steps": [
    "Verify the key in your dashboard at app.reqres.in/api-keys",
    "Regenerate the key if needed",
    "Ensure you're using the correct key type (manage/public)"
  ],
  "docs_url": "https://app.reqres.in/docs#api-keys",
  "_meta": {
    "powered_by": "ReqRes",
    "docs_url": "https://app.reqres.in/documentation",
    "upgrade_url": "https://app.reqres.in/upgrade",
    "example_url": "https://app.reqres.in/examples/notes-app",
    "variant": "v1_b",
    "message": "Missing/invalid key. Grab a free key to keep responses consistent.",
    "cta": {
      "label": "Get started",
      "url": "https://app.reqres.in/api-keys"
    },
    "context": "invalid_key"
  }
}
2026-07-09 12:11:05 [INFO] API Execution Completed.
2026-07-09 12:11:05 [INFO] ==============================================
2026-07-09 12:13:09 [INFO] ==============================================
2026-07-09 12:13:09 [INFO] HTTP Method : GET
2026-07-09 12:13:09 [INFO] Request URL : https://reqres.in/api/users/2
2026-07-09 12:13:09 [INFO] Request Headers :
{
  "x-api-key": "pro_fafa16755c89ee2288ecc99d4e600a0f23efea710fa020d402c43c0d1ae77777"
}
2026-07-09 12:13:09 [INFO] Request Headers :
{
  "x-api-key": "pro_fafa16755c89ee2288ecc99d4e600a0f23efea710fa020d402c43c0d1ae77777"
}
2026-07-09 12:13:09 [INFO] Response Status : 200
2026-07-09 12:13:09 [INFO] Response Body :
{
  "data": {
    "id": 2,
    "email": "janet.weaver@reqres.in",
    "first_name": "Janet",
    "last_name": "Weaver",
    "avatar": "https://reqres.in/img/faces/2-image.jpg"
  },
  "support": {
    "url": "https://benhowdle.im/first-cto-playbook?utm_source=reqres&utm_medium=json&utm_campaign=referral",
    "text": "Become a better CTO. A playbook of painful stories and practical advice from a two-time startup CTO."
  },
  "_meta": {
    "powered_by": "ReqRes",
    "docs_url": "https://app.reqres.in/documentation",
    "upgrade_url": "https://app.reqres.in/upgrade",
    "example_url": "https://app.reqres.in/examples/notes-app",
    "variant": "v1_b",
    "message": "This is a read-only demo endpoint. Sign up to create your own collections with full CRUD and auth.",
    "cta": {
      "label": "Get started",
      "url": "https://app.reqres.in/upgrade"
    },
    "context": "legacy_success"
  }
}
2026-07-09 12:13:09 [INFO] API Execution Completed.
2026-07-09 12:13:09 [INFO] ==============================================
2026-07-09 12:13:09 [INFO] ==============================================
2026-07-09 12:13:09 [INFO] HTTP Method : GET
2026-07-09 12:13:09 [INFO] Request URL : https://reqres.in/api/users/2
2026-07-09 12:13:09 [INFO] Request Headers :
{}
2026-07-09 12:13:09 [INFO] Request Headers :
{}
2026-07-09 12:13:09 [INFO] Response Status : 200
2026-07-09 12:13:09 [INFO] Response Body :
{
  "data": {
    "id": 2,
    "email": "janet.weaver@reqres.in",
    "first_name": "Janet",
    "last_name": "Weaver",
    "avatar": "https://reqres.in/img/faces/2-image.jpg"
  },
  "support": {
    "url": "https://benhowdle.im/first-cto-playbook?utm_source=reqres&utm_medium=json&utm_campaign=referral",
    "text": "Become a better CTO. A playbook of painful stories and practical advice from a two-time startup CTO."
  },
  "_meta": {
    "powered_by": "ReqRes",
    "docs_url": "https://app.reqres.in/documentation",
    "upgrade_url": "https://app.reqres.in/upgrade",
    "example_url": "https://app.reqres.in/examples/notes-app",
    "variant": "v1_b",
    "message": "This is a read-only demo endpoint. Sign up to create your own collections with full CRUD and auth.",
    "cta": {
      "label": "Get started",
      "url": "https://app.reqres.in/upgrade"
    },
    "context": "legacy_success"
  }
}
2026-07-09 12:13:09 [INFO] API Execution Completed.
2026-07-09 12:13:09 [INFO] ==============================================
2026-07-09 12:13:09 [INFO] ==============================================
2026-07-09 12:13:09 [INFO] HTTP Method : GET
2026-07-09 12:13:09 [INFO] Request URL : https://reqres.in/api/users/2
2026-07-09 12:13:09 [INFO] Request Headers :
{
  "x-api-key": "123456789"
}
2026-07-09 12:13:09 [INFO] Request Headers :
{
  "x-api-key": "123456789"
}
2026-07-09 12:13:09 [INFO] Response Status : 200
2026-07-09 12:13:09 [INFO] Response Body :
{
  "data": {
    "id": 2,
    "email": "janet.weaver@reqres.in",
    "first_name": "Janet",
    "last_name": "Weaver",
    "avatar": "https://reqres.in/img/faces/2-image.jpg"
  },
  "support": {
    "url": "https://benhowdle.im/first-cto-playbook?utm_source=reqres&utm_medium=json&utm_campaign=referral",
    "text": "Become a better CTO. A playbook of painful stories and practical advice from a two-time startup CTO."
  },
  "_meta": {
    "powered_by": "ReqRes",
    "docs_url": "https://app.reqres.in/documentation",
    "upgrade_url": "https://app.reqres.in/upgrade",
    "example_url": "https://app.reqres.in/examples/notes-app",
    "variant": "v1_b",
    "message": "This is a read-only demo endpoint. Sign up to create your own collections with full CRUD and auth.",
    "cta": {
      "label": "Get started",
      "url": "https://app.reqres.in/upgrade"
    },
    "context": "legacy_success"
  }
}
2026-07-09 12:13:09 [INFO] API Execution Completed.
2026-07-09 12:13:09 [INFO] ==============================================
2026-07-09 12:13:09 [INFO] ==============================================
2026-07-09 12:13:09 [INFO] HTTP Method : POST
2026-07-09 12:13:09 [INFO] Request URL : https://reqres.in/api/users
2026-07-09 12:13:09 [INFO] Request Headers :
{
  "x-api-key": "pro_fafa16755c89ee2288ecc99d4e600a0f23efea710fa020d402c43c0d1ae77777"
}
2026-07-09 12:13:09 [INFO] Request Headers :
{
  "x-api-key": "pro_fafa16755c89ee2288ecc99d4e600a0f23efea710fa020d402c43c0d1ae77777"
}
2026-07-09 12:13:09 [INFO] Request Body :
{
  "name": "Eulah_1783579389854",
  "job": "Senior Infrastructure Developer"
}
2026-07-09 12:13:10 [INFO] Response Status : 201
2026-07-09 12:13:10 [INFO] Response Body :
{
  "name": "Eulah_1783579389854",
  "job": "Senior Infrastructure Developer",
  "id": "852",
  "createdAt": "2026-07-09T06:43:10.213Z",
  "_meta": {
    "powered_by": "ReqRes",
    "docs_url": "https://app.reqres.in/documentation",
    "upgrade_url": "https://app.reqres.in/upgrade",
    "example_url": "https://app.reqres.in/examples/notes-app",
    "variant": "v1_b",
    "message": "This is a read-only demo endpoint. Sign up to create your own collections with full CRUD and auth.",
    "cta": {
      "label": "Get started",
      "url": "https://app.reqres.in/upgrade"
    },
    "context": "legacy_success"
  }
}
2026-07-09 12:13:10 [INFO] API Execution Completed.
2026-07-09 12:13:10 [INFO] ==============================================
2026-07-09 12:13:10 [INFO] ==============================================
2026-07-09 12:13:10 [INFO] HTTP Method : POST
2026-07-09 12:13:10 [INFO] Request URL : https://reqres.in/api/users
2026-07-09 12:13:10 [INFO] Request Headers :
{}
2026-07-09 12:13:10 [INFO] Request Headers :
{}
2026-07-09 12:13:10 [INFO] Request Body :
{
  "name": "Janis_1783579390194",
  "job": "Dynamic Web Producer"
}
2026-07-09 12:13:10 [INFO] Response Status : 401
2026-07-09 12:13:10 [INFO] Response Body :
{
  "error": "missing_api_key",
  "message": "The x-api-key header is required for this endpoint.",
  "hint": "Create a free key at app.reqres.in and send it as x-api-key.",
  "next_steps": [
    "Go to app.reqres.in/api-keys to get your key",
    "Add header: x-api-key: <your_key>",
    "For app user endpoints, use Authorization: Bearer <session_token> instead"
  ],
  "docs_url": "https://app.reqres.in/docs#authentication",
  "example_curl": "curl -H \"x-api-key: YOUR_API_KEY\" https://api.reqres.in/api/collections",
  "_meta": {
    "powered_by": "ReqRes",
    "docs_url": "https://app.reqres.in/documentation",
    "upgrade_url": "https://app.reqres.in/upgrade",
    "example_url": "https://app.reqres.in/examples/notes-app",
    "variant": "v1_b",
    "message": "Missing/invalid key. Grab a free key to keep responses consistent.",
    "cta": {
      "label": "Get started",
      "url": "https://app.reqres.in/api-keys"
    },
    "context": "invalid_key"
  }
}
2026-07-09 12:13:10 [INFO] API Execution Completed.
2026-07-09 12:13:10 [INFO] ==============================================
2026-07-09 12:13:10 [INFO] ==============================================
2026-07-09 12:13:10 [INFO] HTTP Method : POST
2026-07-09 12:13:10 [INFO] Request URL : https://reqres.in/api/users
2026-07-09 12:13:10 [INFO] Request Headers :
{
  "x-api-key": "123456789"
}
2026-07-09 12:13:10 [INFO] Request Headers :
{
  "x-api-key": "123456789"
}
2026-07-09 12:13:10 [INFO] Request Body :
{
  "name": "Jabari_1783579390374",
  "job": "Chief Functionality Associate"
}
2026-07-09 12:13:10 [INFO] Response Status : 403
2026-07-09 12:13:10 [INFO] Response Body :
{
  "error": "invalid_api_key",
  "message": "This API key is not recognized or has been revoked.",
  "hint": "Check that your API key is correct and not expired.",
  "next_steps": [
    "Verify the key in your dashboard at app.reqres.in/api-keys",
    "Regenerate the key if needed",
    "Ensure you're using the correct key type (manage/public)"
  ],
  "docs_url": "https://app.reqres.in/docs#api-keys",
  "_meta": {
    "powered_by": "ReqRes",
    "docs_url": "https://app.reqres.in/documentation",
    "upgrade_url": "https://app.reqres.in/upgrade",
    "example_url": "https://app.reqres.in/examples/notes-app",
    "variant": "v1_b",
    "message": "Missing/invalid key. Grab a free key to keep responses consistent.",
    "cta": {
      "label": "Get started",
      "url": "https://app.reqres.in/api-keys"
    },
    "context": "invalid_key"
  }
}
2026-07-09 12:13:10 [INFO] API Execution Completed.
2026-07-09 12:13:10 [INFO] ==============================================
2026-07-09 12:13:10 [INFO] ==============================================
2026-07-09 12:13:10 [INFO] HTTP Method : PUT
2026-07-09 12:13:10 [INFO] Request URL : https://reqres.in/api/users/2
2026-07-09 12:13:10 [INFO] Request Headers :
{
  "x-api-key": "pro_fafa16755c89ee2288ecc99d4e600a0f23efea710fa020d402c43c0d1ae77777"
}
2026-07-09 12:13:10 [INFO] Request Headers :
{
  "x-api-key": "pro_fafa16755c89ee2288ecc99d4e600a0f23efea710fa020d402c43c0d1ae77777"
}
2026-07-09 12:13:10 [INFO] Request Body :
{
  "name": "Edgar_1783579390559",
  "job": "Corporate Brand Planner"
}
2026-07-09 12:13:10 [INFO] Response Status : 200
2026-07-09 12:13:10 [INFO] Response Body :
{
  "name": "Edgar_1783579390559",
  "job": "Corporate Brand Planner",
  "updatedAt": "2026-07-09T06:43:10.770Z",
  "_meta": {
    "powered_by": "ReqRes",
    "docs_url": "https://app.reqres.in/documentation",
    "upgrade_url": "https://app.reqres.in/upgrade",
    "example_url": "https://app.reqres.in/examples/notes-app",
    "variant": "v1_b",
    "message": "This is a read-only demo endpoint. Sign up to create your own collections with full CRUD and auth.",
    "cta": {
      "label": "Get started",
      "url": "https://app.reqres.in/upgrade"
    },
    "context": "legacy_success"
  }
}
2026-07-09 12:13:10 [INFO] API Execution Completed.
2026-07-09 12:13:10 [INFO] ==============================================
2026-07-09 12:13:10 [INFO] ==============================================
2026-07-09 12:13:10 [INFO] HTTP Method : PUT
2026-07-09 12:13:10 [INFO] Request URL : https://reqres.in/api/users/2
2026-07-09 12:13:10 [INFO] Request Headers :
{}
2026-07-09 12:13:10 [INFO] Request Headers :
{}
2026-07-09 12:13:10 [INFO] Request Body :
{
  "name": "Geneva_1783579390746",
  "job": "Future Response Assistant"
}
2026-07-09 12:13:11 [INFO] Response Status : 401
2026-07-09 12:13:11 [INFO] Response Body :
{
  "error": "missing_api_key",
  "message": "The x-api-key header is required for this endpoint.",
  "hint": "Create a free key at app.reqres.in and send it as x-api-key.",
  "next_steps": [
    "Go to app.reqres.in/api-keys to get your key",
    "Add header: x-api-key: <your_key>",
    "For app user endpoints, use Authorization: Bearer <session_token> instead"
  ],
  "docs_url": "https://app.reqres.in/docs#authentication",
  "example_curl": "curl -H \"x-api-key: YOUR_API_KEY\" https://api.reqres.in/api/collections",
  "_meta": {
    "powered_by": "ReqRes",
    "docs_url": "https://app.reqres.in/documentation",
    "upgrade_url": "https://app.reqres.in/upgrade",
    "example_url": "https://app.reqres.in/examples/notes-app",
    "variant": "v1_b",
    "message": "Missing/invalid key. Grab a free key to keep responses consistent.",
    "cta": {
      "label": "Get started",
      "url": "https://app.reqres.in/api-keys"
    },
    "context": "invalid_key"
  }
}
2026-07-09 12:13:11 [INFO] API Execution Completed.
2026-07-09 12:13:11 [INFO] ==============================================
2026-07-09 12:13:11 [INFO] ==============================================
2026-07-09 12:13:11 [INFO] HTTP Method : PUT
2026-07-09 12:13:11 [INFO] Request URL : https://reqres.in/api/users/2
2026-07-09 12:13:11 [INFO] Request Headers :
{
  "x-api-key": "123456789"
}
2026-07-09 12:13:11 [INFO] Request Headers :
{
  "x-api-key": "123456789"
}
2026-07-09 12:13:11 [INFO] Request Body :
{
  "name": "Victor_1783579391015",
  "job": "Product Interactions Administrator"
}
2026-07-09 12:13:11 [INFO] Response Status : 403
2026-07-09 12:13:11 [INFO] Response Body :
{
  "error": "invalid_api_key",
  "message": "This API key is not recognized or has been revoked.",
  "hint": "Check that your API key is correct and not expired.",
  "next_steps": [
    "Verify the key in your dashboard at app.reqres.in/api-keys",
    "Regenerate the key if needed",
    "Ensure you're using the correct key type (manage/public)"
  ],
  "docs_url": "https://app.reqres.in/docs#api-keys",
  "_meta": {
    "powered_by": "ReqRes",
    "docs_url": "https://app.reqres.in/documentation",
    "upgrade_url": "https://app.reqres.in/upgrade",
    "example_url": "https://app.reqres.in/examples/notes-app",
    "variant": "v1_b",
    "message": "Missing/invalid key. Grab a free key to keep responses consistent.",
    "cta": {
      "label": "Get started",
      "url": "https://app.reqres.in/api-keys"
    },
    "context": "invalid_key"
  }
}
2026-07-09 12:13:11 [INFO] API Execution Completed.
2026-07-09 12:13:11 [INFO] ==============================================
2026-07-09 12:13:11 [INFO] ==============================================
2026-07-09 12:13:11 [INFO] HTTP Method : DELETE
2026-07-09 12:13:11 [INFO] Request URL : https://reqres.in/api/users/2
2026-07-09 12:13:11 [INFO] Request Headers :
{
  "x-api-key": "pro_fafa16755c89ee2288ecc99d4e600a0f23efea710fa020d402c43c0d1ae77777"
}
2026-07-09 12:13:11 [INFO] Request Headers :
{
  "x-api-key": "pro_fafa16755c89ee2288ecc99d4e600a0f23efea710fa020d402c43c0d1ae77777"
}
2026-07-09 12:13:11 [WARN] Response Body : No JSON response returned.
2026-07-09 12:13:11 [INFO] API Execution Completed.
2026-07-09 12:13:11 [INFO] ==============================================
2026-07-09 12:13:11 [INFO] ==============================================
2026-07-09 12:13:11 [INFO] HTTP Method : DELETE
2026-07-09 12:13:11 [INFO] Request URL : https://reqres.in/api/users/2
2026-07-09 12:13:11 [INFO] Request Headers :
{}
2026-07-09 12:13:11 [INFO] Request Headers :
{}
2026-07-09 12:13:11 [INFO] Response Status : 401
2026-07-09 12:13:11 [INFO] Response Body :
{
  "error": "missing_api_key",
  "message": "The x-api-key header is required for this endpoint.",
  "hint": "Create a free key at app.reqres.in and send it as x-api-key.",
  "next_steps": [
    "Go to app.reqres.in/api-keys to get your key",
    "Add header: x-api-key: <your_key>",
    "For app user endpoints, use Authorization: Bearer <session_token> instead"
  ],
  "docs_url": "https://app.reqres.in/docs#authentication",
  "example_curl": "curl -H \"x-api-key: YOUR_API_KEY\" https://api.reqres.in/api/collections",
  "_meta": {
    "powered_by": "ReqRes",
    "docs_url": "https://app.reqres.in/documentation",
    "upgrade_url": "https://app.reqres.in/upgrade",
    "example_url": "https://app.reqres.in/examples/notes-app",
    "variant": "v1_b",
    "message": "Missing/invalid key. Grab a free key to keep responses consistent.",
    "cta": {
      "label": "Get started",
      "url": "https://app.reqres.in/api-keys"
    },
    "context": "invalid_key"
  }
}
2026-07-09 12:13:11 [INFO] API Execution Completed.
2026-07-09 12:13:11 [INFO] ==============================================
2026-07-09 12:13:11 [INFO] ==============================================
2026-07-09 12:13:11 [INFO] HTTP Method : DELETE
2026-07-09 12:13:11 [INFO] Request URL : https://reqres.in/api/users/2
2026-07-09 12:13:11 [INFO] Request Headers :
{
  "x-api-key": "123456789"
}
2026-07-09 12:13:11 [INFO] Request Headers :
{
  "x-api-key": "123456789"
}
2026-07-09 12:13:11 [INFO] Response Status : 403
2026-07-09 12:13:11 [INFO] Response Body :
{
  "error": "invalid_api_key",
  "message": "This API key is not recognized or has been revoked.",
  "hint": "Check that your API key is correct and not expired.",
  "next_steps": [
    "Verify the key in your dashboard at app.reqres.in/api-keys",
    "Regenerate the key if needed",
    "Ensure you're using the correct key type (manage/public)"
  ],
  "docs_url": "https://app.reqres.in/docs#api-keys",
  "_meta": {
    "powered_by": "ReqRes",
    "docs_url": "https://app.reqres.in/documentation",
    "upgrade_url": "https://app.reqres.in/upgrade",
    "example_url": "https://app.reqres.in/examples/notes-app",
    "variant": "v1_b",
    "message": "Missing/invalid key. Grab a free key to keep responses consistent.",
    "cta": {
      "label": "Get started",
      "url": "https://app.reqres.in/api-keys"
    },
    "context": "invalid_key"
  }
}
2026-07-09 12:13:11 [INFO] API Execution Completed.
2026-07-09 12:13:11 [INFO] ==============================================
2026-07-09 12:19:06 [INFO] ==============================================
2026-07-09 12:19:06 [INFO] Worker PID : 33113
2026-07-09 12:19:06 [INFO] Scenario   : Get existing user details
2026-07-09 12:19:06 [INFO] ==============================================
2026-07-09 12:19:06 [INFO] ==============================================
2026-07-09 12:19:06 [INFO] HTTP Method : GET
2026-07-09 12:19:06 [INFO] Request URL : https://reqres.in/api/users/2
2026-07-09 12:19:06 [INFO] Request Headers :
{
  "x-api-key": "pro_fafa16755c89ee2288ecc99d4e600a0f23efea710fa020d402c43c0d1ae77777"
}
2026-07-09 12:19:06 [INFO] Request Headers :
{
  "x-api-key": "pro_fafa16755c89ee2288ecc99d4e600a0f23efea710fa020d402c43c0d1ae77777"
}
2026-07-09 12:19:07 [INFO] Response Status : 200
2026-07-09 12:19:07 [INFO] Response Body :
{
  "data": {
    "id": 2,
    "email": "janet.weaver@reqres.in",
    "first_name": "Janet",
    "last_name": "Weaver",
    "avatar": "https://reqres.in/img/faces/2-image.jpg"
  },
  "support": {
    "url": "https://benhowdle.im/first-cto-playbook?utm_source=reqres&utm_medium=json&utm_campaign=referral",
    "text": "Become a better CTO. A playbook of painful stories and practical advice from a two-time startup CTO."
  },
  "_meta": {
    "powered_by": "ReqRes",
    "docs_url": "https://app.reqres.in/documentation",
    "upgrade_url": "https://app.reqres.in/upgrade",
    "example_url": "https://app.reqres.in/examples/notes-app",
    "variant": "v1_b",
    "message": "This is a read-only demo endpoint. Sign up to create your own collections with full CRUD and auth.",
    "cta": {
      "label": "Get started",
      "url": "https://app.reqres.in/upgrade"
    },
    "context": "legacy_success"
  }
}
2026-07-09 12:19:07 [INFO] API Execution Completed.
2026-07-09 12:19:07 [INFO] ==============================================
2026-07-09 12:19:07 [INFO] ==============================================
2026-07-09 12:19:07 [INFO] Worker PID : 33113
2026-07-09 12:19:07 [INFO] Scenario   : Get existing user details with different authentication
2026-07-09 12:19:07 [INFO] ==============================================
2026-07-09 12:19:07 [INFO] ==============================================
2026-07-09 12:19:07 [INFO] HTTP Method : GET
2026-07-09 12:19:07 [INFO] Request URL : https://reqres.in/api/users/2
2026-07-09 12:19:07 [INFO] Request Headers :
{}
2026-07-09 12:19:07 [INFO] Request Headers :
{}
2026-07-09 12:19:07 [INFO] Response Status : 200
2026-07-09 12:19:07 [INFO] Response Body :
{
  "data": {
    "id": 2,
    "email": "janet.weaver@reqres.in",
    "first_name": "Janet",
    "last_name": "Weaver",
    "avatar": "https://reqres.in/img/faces/2-image.jpg"
  },
  "support": {
    "url": "https://benhowdle.im/first-cto-playbook?utm_source=reqres&utm_medium=json&utm_campaign=referral",
    "text": "Become a better CTO. A playbook of painful stories and practical advice from a two-time startup CTO."
  },
  "_meta": {
    "powered_by": "ReqRes",
    "docs_url": "https://app.reqres.in/documentation",
    "upgrade_url": "https://app.reqres.in/upgrade",
    "example_url": "https://app.reqres.in/examples/notes-app",
    "variant": "v1_b",
    "message": "This is a read-only demo endpoint. Sign up to create your own collections with full CRUD and auth.",
    "cta": {
      "label": "Get started",
      "url": "https://app.reqres.in/upgrade"
    },
    "context": "legacy_success"
  }
}
2026-07-09 12:19:07 [INFO] API Execution Completed.
2026-07-09 12:19:07 [INFO] ==============================================
2026-07-09 12:19:07 [INFO] ==============================================
2026-07-09 12:19:07 [INFO] Worker PID : 33113
2026-07-09 12:19:07 [INFO] Scenario   : Get existing user details with different authentication
2026-07-09 12:19:07 [INFO] ==============================================
2026-07-09 12:19:07 [INFO] ==============================================
2026-07-09 12:19:07 [INFO] HTTP Method : GET
2026-07-09 12:19:07 [INFO] Request URL : https://reqres.in/api/users/2
2026-07-09 12:19:07 [INFO] Request Headers :
{
  "x-api-key": "123456789"
}
2026-07-09 12:19:07 [INFO] Request Headers :
{
  "x-api-key": "123456789"
}
2026-07-09 12:19:07 [INFO] Response Status : 200
2026-07-09 12:19:07 [INFO] Response Body :
{
  "data": {
    "id": 2,
    "email": "janet.weaver@reqres.in",
    "first_name": "Janet",
    "last_name": "Weaver",
    "avatar": "https://reqres.in/img/faces/2-image.jpg"
  },
  "support": {
    "url": "https://benhowdle.im/first-cto-playbook?utm_source=reqres&utm_medium=json&utm_campaign=referral",
    "text": "Become a better CTO. A playbook of painful stories and practical advice from a two-time startup CTO."
  },
  "_meta": {
    "powered_by": "ReqRes",
    "docs_url": "https://app.reqres.in/documentation",
    "upgrade_url": "https://app.reqres.in/upgrade",
    "example_url": "https://app.reqres.in/examples/notes-app",
    "variant": "v1_b",
    "message": "This is a read-only demo endpoint. Sign up to create your own collections with full CRUD and auth.",
    "cta": {
      "label": "Get started",
      "url": "https://app.reqres.in/upgrade"
    },
    "context": "legacy_success"
  }
}
2026-07-09 12:19:07 [INFO] API Execution Completed.
2026-07-09 12:19:07 [INFO] ==============================================
2026-07-09 12:19:07 [INFO] ==============================================
2026-07-09 12:19:07 [INFO] Worker PID : 33113
2026-07-09 12:19:07 [INFO] Scenario   : Create a new user successfully
2026-07-09 12:19:07 [INFO] ==============================================
2026-07-09 12:19:07 [INFO] ==============================================
2026-07-09 12:19:07 [INFO] HTTP Method : POST
2026-07-09 12:19:07 [INFO] Request URL : https://reqres.in/api/users
2026-07-09 12:19:07 [INFO] Request Headers :
{
  "x-api-key": "pro_fafa16755c89ee2288ecc99d4e600a0f23efea710fa020d402c43c0d1ae77777"
}
2026-07-09 12:19:07 [INFO] Request Headers :
{
  "x-api-key": "pro_fafa16755c89ee2288ecc99d4e600a0f23efea710fa020d402c43c0d1ae77777"
}
2026-07-09 12:19:07 [INFO] Request Body :
{
  "name": "Alba_1783579747115",
  "job": "Dynamic Marketing Administrator"
}
2026-07-09 12:19:07 [INFO] Response Status : 201
2026-07-09 12:19:07 [INFO] Response Body :
{
  "name": "Alba_1783579747115",
  "job": "Dynamic Marketing Administrator",
  "id": "259",
  "createdAt": "2026-07-09T06:49:07.329Z",
  "_meta": {
    "powered_by": "ReqRes",
    "docs_url": "https://app.reqres.in/documentation",
    "upgrade_url": "https://app.reqres.in/upgrade",
    "example_url": "https://app.reqres.in/examples/notes-app",
    "variant": "v1_b",
    "message": "This is a read-only demo endpoint. Sign up to create your own collections with full CRUD and auth.",
    "cta": {
      "label": "Get started",
      "url": "https://app.reqres.in/upgrade"
    },
    "context": "legacy_success"
  }
}
2026-07-09 12:19:07 [INFO] API Execution Completed.
2026-07-09 12:19:07 [INFO] ==============================================
2026-07-09 12:19:07 [INFO] ==============================================
2026-07-09 12:19:07 [INFO] Worker PID : 33113
2026-07-09 12:19:07 [INFO] Scenario   : Create user with different authentication
2026-07-09 12:19:07 [INFO] ==============================================
2026-07-09 12:19:07 [INFO] ==============================================
2026-07-09 12:19:07 [INFO] HTTP Method : POST
2026-07-09 12:19:07 [INFO] Request URL : https://reqres.in/api/users
2026-07-09 12:19:07 [INFO] Request Headers :
{}
2026-07-09 12:19:07 [INFO] Request Headers :
{}
2026-07-09 12:19:07 [INFO] Request Body :
{
  "name": "Esther_1783579747378",
  "job": "Central Tactics Analyst"
}
2026-07-09 12:19:07 [INFO] Response Status : 401
2026-07-09 12:19:07 [INFO] Response Body :
{
  "error": "missing_api_key",
  "message": "The x-api-key header is required for this endpoint.",
  "hint": "Create a free key at app.reqres.in and send it as x-api-key.",
  "next_steps": [
    "Go to app.reqres.in/api-keys to get your key",
    "Add header: x-api-key: <your_key>",
    "For app user endpoints, use Authorization: Bearer <session_token> instead"
  ],
  "docs_url": "https://app.reqres.in/docs#authentication",
  "example_curl": "curl -H \"x-api-key: YOUR_API_KEY\" https://api.reqres.in/api/collections",
  "_meta": {
    "powered_by": "ReqRes",
    "docs_url": "https://app.reqres.in/documentation",
    "upgrade_url": "https://app.reqres.in/upgrade",
    "example_url": "https://app.reqres.in/examples/notes-app",
    "variant": "v1_b",
    "message": "Missing/invalid key. Grab a free key to keep responses consistent.",
    "cta": {
      "label": "Get started",
      "url": "https://app.reqres.in/api-keys"
    },
    "context": "invalid_key"
  }
}
2026-07-09 12:19:07 [INFO] API Execution Completed.
2026-07-09 12:19:07 [INFO] ==============================================
2026-07-09 12:19:07 [INFO] ==============================================
2026-07-09 12:19:07 [INFO] Worker PID : 33113
2026-07-09 12:19:07 [INFO] Scenario   : Create user with different authentication
2026-07-09 12:19:07 [INFO] ==============================================
2026-07-09 12:19:07 [INFO] ==============================================
2026-07-09 12:19:07 [INFO] HTTP Method : POST
2026-07-09 12:19:07 [INFO] Request URL : https://reqres.in/api/users
2026-07-09 12:19:07 [INFO] Request Headers :
{
  "x-api-key": "123456789"
}
2026-07-09 12:19:07 [INFO] Request Headers :
{
  "x-api-key": "123456789"
}
2026-07-09 12:19:07 [INFO] Request Body :
{
  "name": "Rahsaan_1783579747563",
  "job": "Lead Marketing Agent"
}
2026-07-09 12:19:07 [INFO] Response Status : 403
2026-07-09 12:19:07 [INFO] Response Body :
{
  "error": "invalid_api_key",
  "message": "This API key is not recognized or has been revoked.",
  "hint": "Check that your API key is correct and not expired.",
  "next_steps": [
    "Verify the key in your dashboard at app.reqres.in/api-keys",
    "Regenerate the key if needed",
    "Ensure you're using the correct key type (manage/public)"
  ],
  "docs_url": "https://app.reqres.in/docs#api-keys",
  "_meta": {
    "powered_by": "ReqRes",
    "docs_url": "https://app.reqres.in/documentation",
    "upgrade_url": "https://app.reqres.in/upgrade",
    "example_url": "https://app.reqres.in/examples/notes-app",
    "variant": "v1_b",
    "message": "Missing/invalid key. Grab a free key to keep responses consistent.",
    "cta": {
      "label": "Get started",
      "url": "https://app.reqres.in/api-keys"
    },
    "context": "invalid_key"
  }
}
2026-07-09 12:19:07 [INFO] API Execution Completed.
2026-07-09 12:19:07 [INFO] ==============================================
2026-07-09 12:19:07 [INFO] ==============================================
2026-07-09 12:19:07 [INFO] Worker PID : 33113
2026-07-09 12:19:07 [INFO] Scenario   : Update an existing user
2026-07-09 12:19:07 [INFO] ==============================================
2026-07-09 12:19:07 [INFO] ==============================================
2026-07-09 12:19:07 [INFO] HTTP Method : PUT
2026-07-09 12:19:07 [INFO] Request URL : https://reqres.in/api/users/2
2026-07-09 12:19:07 [INFO] Request Headers :
{
  "x-api-key": "pro_fafa16755c89ee2288ecc99d4e600a0f23efea710fa020d402c43c0d1ae77777"
}
2026-07-09 12:19:07 [INFO] Request Headers :
{
  "x-api-key": "pro_fafa16755c89ee2288ecc99d4e600a0f23efea710fa020d402c43c0d1ae77777"
}
2026-07-09 12:19:07 [INFO] Request Body :
{
  "name": "Alma_1783579747998",
  "job": "Legacy Intranet Designer"
}
2026-07-09 12:19:08 [INFO] Response Status : 200
2026-07-09 12:19:08 [INFO] Response Body :
{
  "name": "Alma_1783579747998",
  "job": "Legacy Intranet Designer",
  "updatedAt": "2026-07-09T06:49:08.214Z",
  "_meta": {
    "powered_by": "ReqRes",
    "docs_url": "https://app.reqres.in/documentation",
    "upgrade_url": "https://app.reqres.in/upgrade",
    "example_url": "https://app.reqres.in/examples/notes-app",
    "variant": "v1_b",
    "message": "This is a read-only demo endpoint. Sign up to create your own collections with full CRUD and auth.",
    "cta": {
      "label": "Get started",
      "url": "https://app.reqres.in/upgrade"
    },
    "context": "legacy_success"
  }
}
2026-07-09 12:19:08 [INFO] API Execution Completed.
2026-07-09 12:19:08 [INFO] ==============================================
2026-07-09 12:19:08 [INFO] ==============================================
2026-07-09 12:19:08 [INFO] Worker PID : 33113
2026-07-09 12:19:08 [INFO] Scenario   : Update an existing user with different authentication
2026-07-09 12:19:08 [INFO] ==============================================
2026-07-09 12:19:08 [INFO] ==============================================
2026-07-09 12:19:08 [INFO] HTTP Method : PUT
2026-07-09 12:19:08 [INFO] Request URL : https://reqres.in/api/users/2
2026-07-09 12:19:08 [INFO] Request Headers :
{}
2026-07-09 12:19:08 [INFO] Request Headers :
{}
2026-07-09 12:19:08 [INFO] Request Body :
{
  "name": "Trinity_1783579748189",
  "job": "Corporate Usability Engineer"
}
2026-07-09 12:19:08 [INFO] Response Status : 401
2026-07-09 12:19:08 [INFO] Response Body :
{
  "error": "missing_api_key",
  "message": "The x-api-key header is required for this endpoint.",
  "hint": "Create a free key at app.reqres.in and send it as x-api-key.",
  "next_steps": [
    "Go to app.reqres.in/api-keys to get your key",
    "Add header: x-api-key: <your_key>",
    "For app user endpoints, use Authorization: Bearer <session_token> instead"
  ],
  "docs_url": "https://app.reqres.in/docs#authentication",
  "example_curl": "curl -H \"x-api-key: YOUR_API_KEY\" https://api.reqres.in/api/collections",
  "_meta": {
    "powered_by": "ReqRes",
    "docs_url": "https://app.reqres.in/documentation",
    "upgrade_url": "https://app.reqres.in/upgrade",
    "example_url": "https://app.reqres.in/examples/notes-app",
    "variant": "v1_b",
    "message": "Missing/invalid key. Grab a free key to keep responses consistent.",
    "cta": {
      "label": "Get started",
      "url": "https://app.reqres.in/api-keys"
    },
    "context": "invalid_key"
  }
}
2026-07-09 12:19:08 [INFO] API Execution Completed.
2026-07-09 12:19:08 [INFO] ==============================================
2026-07-09 12:19:08 [INFO] ==============================================
2026-07-09 12:19:08 [INFO] Worker PID : 33113
2026-07-09 12:19:08 [INFO] Scenario   : Update an existing user with different authentication
2026-07-09 12:19:08 [INFO] ==============================================
2026-07-09 12:19:08 [INFO] ==============================================
2026-07-09 12:19:08 [INFO] HTTP Method : PUT
2026-07-09 12:19:08 [INFO] Request URL : https://reqres.in/api/users/2
2026-07-09 12:19:08 [INFO] Request Headers :
{
  "x-api-key": "123456789"
}
2026-07-09 12:19:08 [INFO] Request Headers :
{
  "x-api-key": "123456789"
}
2026-07-09 12:19:08 [INFO] Request Body :
{
  "name": "Reba_1783579748421",
  "job": "Lead Interactions Designer"
}
2026-07-09 12:19:08 [INFO] Response Status : 403
2026-07-09 12:19:08 [INFO] Response Body :
{
  "error": "invalid_api_key",
  "message": "This API key is not recognized or has been revoked.",
  "hint": "Check that your API key is correct and not expired.",
  "next_steps": [
    "Verify the key in your dashboard at app.reqres.in/api-keys",
    "Regenerate the key if needed",
    "Ensure you're using the correct key type (manage/public)"
  ],
  "docs_url": "https://app.reqres.in/docs#api-keys",
  "_meta": {
    "powered_by": "ReqRes",
    "docs_url": "https://app.reqres.in/documentation",
    "upgrade_url": "https://app.reqres.in/upgrade",
    "example_url": "https://app.reqres.in/examples/notes-app",
    "variant": "v1_b",
    "message": "Missing/invalid key. Grab a free key to keep responses consistent.",
    "cta": {
      "label": "Get started",
      "url": "https://app.reqres.in/api-keys"
    },
    "context": "invalid_key"
  }
}
2026-07-09 12:19:08 [INFO] API Execution Completed.
2026-07-09 12:19:08 [INFO] ==============================================
2026-07-09 12:19:08 [INFO] ==============================================
2026-07-09 12:19:08 [INFO] Worker PID : 33113
2026-07-09 12:19:08 [INFO] Scenario   : Delete an existing user
2026-07-09 12:19:08 [INFO] ==============================================
2026-07-09 12:19:08 [INFO] ==============================================
2026-07-09 12:19:08 [INFO] HTTP Method : DELETE
2026-07-09 12:19:08 [INFO] Request URL : https://reqres.in/api/users/2
2026-07-09 12:19:08 [INFO] Request Headers :
{
  "x-api-key": "pro_fafa16755c89ee2288ecc99d4e600a0f23efea710fa020d402c43c0d1ae77777"
}
2026-07-09 12:19:08 [INFO] Request Headers :
{
  "x-api-key": "pro_fafa16755c89ee2288ecc99d4e600a0f23efea710fa020d402c43c0d1ae77777"
}
2026-07-09 12:19:08 [WARN] Response Body : No JSON response returned.
2026-07-09 12:19:08 [INFO] API Execution Completed.
2026-07-09 12:19:08 [INFO] ==============================================
2026-07-09 12:19:08 [INFO] ==============================================
2026-07-09 12:19:08 [INFO] Worker PID : 33113
2026-07-09 12:19:08 [INFO] Scenario   : Delete an existing user with different authentication
2026-07-09 12:19:08 [INFO] ==============================================
2026-07-09 12:19:08 [INFO] ==============================================
2026-07-09 12:19:08 [INFO] HTTP Method : DELETE
2026-07-09 12:19:08 [INFO] Request URL : https://reqres.in/api/users/2
2026-07-09 12:19:08 [INFO] Request Headers :
{}
2026-07-09 12:19:08 [INFO] Request Headers :
{}
2026-07-09 12:19:08 [INFO] Response Status : 401
2026-07-09 12:19:08 [INFO] Response Body :
{
  "error": "missing_api_key",
  "message": "The x-api-key header is required for this endpoint.",
  "hint": "Create a free key at app.reqres.in and send it as x-api-key.",
  "next_steps": [
    "Go to app.reqres.in/api-keys to get your key",
    "Add header: x-api-key: <your_key>",
    "For app user endpoints, use Authorization: Bearer <session_token> instead"
  ],
  "docs_url": "https://app.reqres.in/docs#authentication",
  "example_curl": "curl -H \"x-api-key: YOUR_API_KEY\" https://api.reqres.in/api/collections",
  "_meta": {
    "powered_by": "ReqRes",
    "docs_url": "https://app.reqres.in/documentation",
    "upgrade_url": "https://app.reqres.in/upgrade",
    "example_url": "https://app.reqres.in/examples/notes-app",
    "variant": "v1_b",
    "message": "Missing/invalid key. Grab a free key to keep responses consistent.",
    "cta": {
      "label": "Get started",
      "url": "https://app.reqres.in/api-keys"
    },
    "context": "invalid_key"
  }
}
2026-07-09 12:19:08 [INFO] API Execution Completed.
2026-07-09 12:19:08 [INFO] ==============================================
2026-07-09 12:19:08 [INFO] ==============================================
2026-07-09 12:19:08 [INFO] Worker PID : 33113
2026-07-09 12:19:08 [INFO] Scenario   : Delete an existing user with different authentication
2026-07-09 12:19:08 [INFO] ==============================================
2026-07-09 12:19:08 [INFO] ==============================================
2026-07-09 12:19:08 [INFO] HTTP Method : DELETE
2026-07-09 12:19:08 [INFO] Request URL : https://reqres.in/api/users/2
2026-07-09 12:19:08 [INFO] Request Headers :
{
  "x-api-key": "123456789"
}
2026-07-09 12:19:08 [INFO] Request Headers :
{
  "x-api-key": "123456789"
}
2026-07-09 12:19:09 [INFO] Response Status : 403
2026-07-09 12:19:09 [INFO] Response Body :
{
  "error": "invalid_api_key",
  "message": "This API key is not recognized or has been revoked.",
  "hint": "Check that your API key is correct and not expired.",
  "next_steps": [
    "Verify the key in your dashboard at app.reqres.in/api-keys",
    "Regenerate the key if needed",
    "Ensure you're using the correct key type (manage/public)"
  ],
  "docs_url": "https://app.reqres.in/docs#api-keys",
  "_meta": {
    "powered_by": "ReqRes",
    "docs_url": "https://app.reqres.in/documentation",
    "upgrade_url": "https://app.reqres.in/upgrade",
    "example_url": "https://app.reqres.in/examples/notes-app",
    "variant": "v1_b",
    "message": "Missing/invalid key. Grab a free key to keep responses consistent.",
    "cta": {
      "label": "Get started",
      "url": "https://app.reqres.in/api-keys"
    },
    "context": "invalid_key"
  }
}
2026-07-09 12:19:09 [INFO] API Execution Completed.
2026-07-09 12:19:09 [INFO] ==============================================
2026-07-09 12:21:12 [INFO] ==============================================
2026-07-09 12:21:12 [INFO] Worker PID : 33787
2026-07-09 12:21:12 [INFO] Scenario   : Get existing user details
2026-07-09 12:21:12 [INFO] ==============================================
2026-07-09 12:21:12 [INFO] ==============================================
2026-07-09 12:21:12 [INFO] ==============================================
2026-07-09 12:21:12 [INFO] HTTP Method : GET
2026-07-09 12:21:12 [INFO] Request URL : https://reqres.in/api/users/2
2026-07-09 12:21:12 [INFO] Request Headers :
{
  "x-api-key": "pro_fafa16755c89ee2288ecc99d4e600a0f23efea710fa020d402c43c0d1ae77777"
}
2026-07-09 12:21:12 [INFO] Request Headers :
{
  "x-api-key": "pro_fafa16755c89ee2288ecc99d4e600a0f23efea710fa020d402c43c0d1ae77777"
}
2026-07-09 12:21:12 [INFO] Worker PID : 33788
2026-07-09 12:21:12 [INFO] Scenario   : Get existing user details with different authentication
2026-07-09 12:21:12 [INFO] ==============================================
2026-07-09 12:21:12 [INFO] ==============================================
2026-07-09 12:21:12 [INFO] ==============================================
2026-07-09 12:21:12 [INFO] HTTP Method : GET
2026-07-09 12:21:12 [INFO] Request URL : https://reqres.in/api/users/2
2026-07-09 12:21:12 [INFO] Request Headers :
{}
2026-07-09 12:21:12 [INFO] Request Headers :
{}
2026-07-09 12:21:12 [INFO] Worker PID : 33789
2026-07-09 12:21:12 [INFO] Scenario   : Get existing user details with different authentication
2026-07-09 12:21:12 [INFO] ==============================================
2026-07-09 12:21:12 [INFO] ==============================================
2026-07-09 12:21:12 [INFO] HTTP Method : GET
2026-07-09 12:21:12 [INFO] Request URL : https://reqres.in/api/users/2
2026-07-09 12:21:12 [INFO] Request Headers :
{
  "x-api-key": "123456789"
}
2026-07-09 12:21:12 [INFO] Request Headers :
{
  "x-api-key": "123456789"
}
2026-07-09 12:21:12 [INFO] ==============================================
2026-07-09 12:21:12 [INFO] Worker PID : 33790
2026-07-09 12:21:12 [INFO] Scenario   : Create a new user successfully
2026-07-09 12:21:12 [INFO] ==============================================
2026-07-09 12:21:12 [INFO] ==============================================
2026-07-09 12:21:12 [INFO] HTTP Method : POST
2026-07-09 12:21:12 [INFO] Request URL : https://reqres.in/api/users
2026-07-09 12:21:12 [INFO] Request Headers :
{
  "x-api-key": "pro_fafa16755c89ee2288ecc99d4e600a0f23efea710fa020d402c43c0d1ae77777"
}
2026-07-09 12:21:12 [INFO] Request Headers :
{
  "x-api-key": "pro_fafa16755c89ee2288ecc99d4e600a0f23efea710fa020d402c43c0d1ae77777"
}
2026-07-09 12:21:12 [INFO] Request Body :
{
  "name": "Joe_1783579872533",
  "job": "Future Operations Coordinator"
}
2026-07-09 12:21:12 [INFO] Response Status : 401
2026-07-09 12:21:12 [INFO] Response Body :
{
  "error": "missing_api_key",
  "message": "The x-api-key header is required for this endpoint.",
  "hint": "Create a free key at app.reqres.in and send it as x-api-key.",
  "next_steps": [
    "Go to app.reqres.in/api-keys to get your key",
    "Add header: x-api-key: <your_key>",
    "For app user endpoints, use Authorization: Bearer <session_token> instead"
  ],
  "docs_url": "https://app.reqres.in/docs#authentication",
  "example_curl": "curl -H \"x-api-key: YOUR_API_KEY\" https://api.reqres.in/api/collections",
  "_meta": {
    "powered_by": "ReqRes",
    "docs_url": "https://app.reqres.in/documentation",
    "upgrade_url": "https://app.reqres.in/upgrade",
    "example_url": "https://app.reqres.in/examples/notes-app",
    "variant": "v1_b",
    "message": "Missing/invalid key. Grab a free key to keep responses consistent.",
    "cta": {
      "label": "Get started",
      "url": "https://app.reqres.in/api-keys"
    },
    "context": "invalid_key"
  }
}
2026-07-09 12:21:12 [INFO] API Execution Completed.
2026-07-09 12:21:12 [INFO] ==============================================
2026-07-09 12:21:12 [INFO] ==============================================
2026-07-09 12:21:12 [INFO] Response Status : 201
2026-07-09 12:21:12 [INFO] Worker PID : 33788
2026-07-09 12:21:12 [INFO] Scenario   : Create user with different authentication
2026-07-09 12:21:12 [INFO] ==============================================
2026-07-09 12:21:12 [INFO] ==============================================
2026-07-09 12:21:12 [INFO] HTTP Method : POST
2026-07-09 12:21:12 [INFO] Request URL : https://reqres.in/api/users
2026-07-09 12:21:12 [INFO] Request Headers :
{}
2026-07-09 12:21:12 [INFO] Request Headers :
{}
2026-07-09 12:21:12 [INFO] Request Body :
{
  "name": "Kelsie_1783579872890",
  "job": "Product Communications Architect"
}
2026-07-09 12:21:12 [INFO] Response Body :
{
  "name": "Joe_1783579872533",
  "job": "Future Operations Coordinator",
  "id": "793",
  "createdAt": "2026-07-09T06:51:12.915Z",
  "_meta": {
    "powered_by": "ReqRes",
    "docs_url": "https://app.reqres.in/documentation",
    "upgrade_url": "https://app.reqres.in/upgrade",
    "example_url": "https://app.reqres.in/examples/notes-app",
    "variant": "v1_b",
    "message": "This is a read-only demo endpoint. Sign up to create your own collections with full CRUD and auth.",
    "cta": {
      "label": "Get started",
      "url": "https://app.reqres.in/upgrade"
    },
    "context": "legacy_success"
  }
}
2026-07-09 12:21:12 [INFO] API Execution Completed.
2026-07-09 12:21:12 [INFO] ==============================================
2026-07-09 12:21:12 [INFO] ==============================================
2026-07-09 12:21:12 [INFO] Worker PID : 33790
2026-07-09 12:21:12 [INFO] Scenario   : Create user with different authentication
2026-07-09 12:21:12 [INFO] ==============================================
2026-07-09 12:21:12 [INFO] ==============================================
2026-07-09 12:21:12 [INFO] HTTP Method : POST
2026-07-09 12:21:12 [INFO] Request URL : https://reqres.in/api/users
2026-07-09 12:21:12 [INFO] Request Headers :
{
  "x-api-key": "123456789"
}
2026-07-09 12:21:12 [INFO] Request Headers :
{
  "x-api-key": "123456789"
}
2026-07-09 12:21:12 [INFO] Request Body :
{
  "name": "Candida_1783579872899",
  "job": "Chief Paradigm Officer"
}
2026-07-09 12:21:13 [INFO] Response Status : 401
2026-07-09 12:21:13 [INFO] Response Body :
{
  "error": "missing_api_key",
  "message": "The x-api-key header is required for this endpoint.",
  "hint": "Create a free key at app.reqres.in and send it as x-api-key.",
  "next_steps": [
    "Go to app.reqres.in/api-keys to get your key",
    "Add header: x-api-key: <your_key>",
    "For app user endpoints, use Authorization: Bearer <session_token> instead"
  ],
  "docs_url": "https://app.reqres.in/docs#authentication",
  "example_curl": "curl -H \"x-api-key: YOUR_API_KEY\" https://api.reqres.in/api/collections",
  "_meta": {
    "powered_by": "ReqRes",
    "docs_url": "https://app.reqres.in/documentation",
    "upgrade_url": "https://app.reqres.in/upgrade",
    "example_url": "https://app.reqres.in/examples/notes-app",
    "variant": "v1_b",
    "message": "Missing/invalid key. Grab a free key to keep responses consistent.",
    "cta": {
      "label": "Get started",
      "url": "https://app.reqres.in/api-keys"
    },
    "context": "invalid_key"
  }
}
2026-07-09 12:21:13 [INFO] API Execution Completed.
2026-07-09 12:21:13 [INFO] ==============================================
2026-07-09 12:21:13 [INFO] ==============================================
2026-07-09 12:21:13 [INFO] Worker PID : 33788
2026-07-09 12:21:13 [INFO] Scenario   : Update an existing user
2026-07-09 12:21:13 [INFO] ==============================================
2026-07-09 12:21:13 [INFO] ==============================================
2026-07-09 12:21:13 [INFO] HTTP Method : PUT
2026-07-09 12:21:13 [INFO] Request URL : https://reqres.in/api/users/2
2026-07-09 12:21:13 [INFO] Request Headers :
{
  "x-api-key": "pro_fafa16755c89ee2288ecc99d4e600a0f23efea710fa020d402c43c0d1ae77777"
}
2026-07-09 12:21:13 [INFO] Request Headers :
{
  "x-api-key": "pro_fafa16755c89ee2288ecc99d4e600a0f23efea710fa020d402c43c0d1ae77777"
}
2026-07-09 12:21:13 [INFO] Request Body :
{
  "name": "Terrence_1783579873083",
  "job": "International Operations Strategist"
}
2026-07-09 12:21:13 [INFO] Response Status : 403
2026-07-09 12:21:13 [INFO] Response Status : 200
2026-07-09 12:21:13 [INFO] Response Body :
{
  "error": "invalid_api_key",
  "message": "This API key is not recognized or has been revoked.",
  "hint": "Check that your API key is correct and not expired.",
  "next_steps": [
    "Verify the key in your dashboard at app.reqres.in/api-keys",
    "Regenerate the key if needed",
    "Ensure you're using the correct key type (manage/public)"
  ],
  "docs_url": "https://app.reqres.in/docs#api-keys",
  "_meta": {
    "powered_by": "ReqRes",
    "docs_url": "https://app.reqres.in/documentation",
    "upgrade_url": "https://app.reqres.in/upgrade",
    "example_url": "https://app.reqres.in/examples/notes-app",
    "variant": "v1_b",
    "message": "Missing/invalid key. Grab a free key to keep responses consistent.",
    "cta": {
      "label": "Get started",
      "url": "https://app.reqres.in/api-keys"
    },
    "context": "invalid_key"
  }
}
2026-07-09 12:21:13 [INFO] API Execution Completed.
2026-07-09 12:21:13 [INFO] ==============================================
2026-07-09 12:21:13 [INFO] Response Body :
{
  "data": {
    "id": 2,
    "email": "janet.weaver@reqres.in",
    "first_name": "Janet",
    "last_name": "Weaver",
    "avatar": "https://reqres.in/img/faces/2-image.jpg"
  },
  "support": {
    "url": "https://benhowdle.im/first-cto-playbook?utm_source=reqres&utm_medium=json&utm_campaign=referral",
    "text": "Become a better CTO. A playbook of painful stories and practical advice from a two-time startup CTO."
  },
  "_meta": {
    "powered_by": "ReqRes",
    "docs_url": "https://app.reqres.in/documentation",
    "upgrade_url": "https://app.reqres.in/upgrade",
    "example_url": "https://app.reqres.in/examples/notes-app",
    "variant": "v1_b",
    "message": "This is a read-only demo endpoint. Sign up to create your own collections with full CRUD and auth.",
    "cta": {
      "label": "Get started",
      "url": "https://app.reqres.in/upgrade"
    },
    "context": "legacy_success"
  }
}
2026-07-09 12:21:13 [INFO] API Execution Completed.
2026-07-09 12:21:13 [INFO] ==============================================
2026-07-09 12:21:13 [INFO] ==============================================
2026-07-09 12:21:13 [INFO] Worker PID : 33789
2026-07-09 12:21:13 [INFO] Scenario   : Update an existing user with different authentication
2026-07-09 12:21:13 [INFO] ==============================================
2026-07-09 12:21:13 [INFO] ==============================================
2026-07-09 12:21:13 [INFO] Worker PID : 33787
2026-07-09 12:21:13 [INFO] Scenario   : Update an existing user with different authentication
2026-07-09 12:21:13 [INFO] ==============================================
2026-07-09 12:21:13 [INFO] ==============================================
2026-07-09 12:21:13 [INFO] HTTP Method : PUT
2026-07-09 12:21:13 [INFO] Request URL : https://reqres.in/api/users/2
2026-07-09 12:21:13 [INFO] Request Headers :
{}
2026-07-09 12:21:13 [INFO] Request Headers :
{}
2026-07-09 12:21:13 [INFO] Request Body :
{
  "name": "Alan_1783579873230",
  "job": "Human Brand Associate"
}
2026-07-09 12:21:13 [INFO] Response Status : 403
2026-07-09 12:21:13 [INFO] ==============================================
2026-07-09 12:21:13 [INFO] HTTP Method : PUT
2026-07-09 12:21:13 [INFO] Request URL : https://reqres.in/api/users/2
2026-07-09 12:21:13 [INFO] Request Headers :
{
  "x-api-key": "123456789"
}
2026-07-09 12:21:13 [INFO] Request Headers :
{
  "x-api-key": "123456789"
}
2026-07-09 12:21:13 [INFO] Request Body :
{
  "name": "Milton_1783579873233",
  "job": "Internal Division Technician"
}
2026-07-09 12:21:13 [INFO] Response Body :
{
  "error": "invalid_api_key",
  "message": "This API key is not recognized or has been revoked.",
  "hint": "Check that your API key is correct and not expired.",
  "next_steps": [
    "Verify the key in your dashboard at app.reqres.in/api-keys",
    "Regenerate the key if needed",
    "Ensure you're using the correct key type (manage/public)"
  ],
  "docs_url": "https://app.reqres.in/docs#api-keys",
  "_meta": {
    "powered_by": "ReqRes",
    "docs_url": "https://app.reqres.in/documentation",
    "upgrade_url": "https://app.reqres.in/upgrade",
    "example_url": "https://app.reqres.in/examples/notes-app",
    "variant": "v1_b",
    "message": "Missing/invalid key. Grab a free key to keep responses consistent.",
    "cta": {
      "label": "Get started",
      "url": "https://app.reqres.in/api-keys"
    },
    "context": "invalid_key"
  }
}
2026-07-09 12:21:13 [INFO] API Execution Completed.
2026-07-09 12:21:13 [INFO] ==============================================
2026-07-09 12:21:13 [INFO] ==============================================
2026-07-09 12:21:13 [INFO] Worker PID : 33790
2026-07-09 12:21:13 [INFO] Scenario   : Delete an existing user
2026-07-09 12:21:13 [INFO] ==============================================
2026-07-09 12:21:13 [INFO] ==============================================
2026-07-09 12:21:13 [INFO] HTTP Method : DELETE
2026-07-09 12:21:13 [INFO] Request URL : https://reqres.in/api/users/2
2026-07-09 12:21:13 [INFO] Request Headers :
{
  "x-api-key": "pro_fafa16755c89ee2288ecc99d4e600a0f23efea710fa020d402c43c0d1ae77777"
}
2026-07-09 12:21:13 [INFO] Request Headers :
{
  "x-api-key": "pro_fafa16755c89ee2288ecc99d4e600a0f23efea710fa020d402c43c0d1ae77777"
}
2026-07-09 12:21:13 [INFO] Response Status : 200
2026-07-09 12:21:13 [INFO] Response Body :
{
  "name": "Terrence_1783579873083",
  "job": "International Operations Strategist",
  "updatedAt": "2026-07-09T06:51:13.285Z",
  "_meta": {
    "powered_by": "ReqRes",
    "docs_url": "https://app.reqres.in/documentation",
    "upgrade_url": "https://app.reqres.in/upgrade",
    "example_url": "https://app.reqres.in/examples/notes-app",
    "variant": "v1_b",
    "message": "This is a read-only demo endpoint. Sign up to create your own collections with full CRUD and auth.",
    "cta": {
      "label": "Get started",
      "url": "https://app.reqres.in/upgrade"
    },
    "context": "legacy_success"
  }
}
2026-07-09 12:21:13 [INFO] API Execution Completed.
2026-07-09 12:21:13 [INFO] ==============================================
2026-07-09 12:21:13 [INFO] ==============================================
2026-07-09 12:21:13 [INFO] Worker PID : 33788
2026-07-09 12:21:13 [INFO] Scenario   : Delete an existing user with different authentication
2026-07-09 12:21:13 [INFO] ==============================================
2026-07-09 12:21:13 [INFO] ==============================================
2026-07-09 12:21:13 [INFO] HTTP Method : DELETE
2026-07-09 12:21:13 [INFO] Request URL : https://reqres.in/api/users/2
2026-07-09 12:21:13 [INFO] Request Headers :
{}
2026-07-09 12:21:13 [INFO] Request Headers :
{}
2026-07-09 12:21:13 [INFO] Response Status : 401
2026-07-09 12:21:13 [INFO] Response Body :
{
  "error": "missing_api_key",
  "message": "The x-api-key header is required for this endpoint.",
  "hint": "Create a free key at app.reqres.in and send it as x-api-key.",
  "next_steps": [
    "Go to app.reqres.in/api-keys to get your key",
    "Add header: x-api-key: <your_key>",
    "For app user endpoints, use Authorization: Bearer <session_token> instead"
  ],
  "docs_url": "https://app.reqres.in/docs#authentication",
  "example_curl": "curl -H \"x-api-key: YOUR_API_KEY\" https://api.reqres.in/api/collections",
  "_meta": {
    "powered_by": "ReqRes",
    "docs_url": "https://app.reqres.in/documentation",
    "upgrade_url": "https://app.reqres.in/upgrade",
    "example_url": "https://app.reqres.in/examples/notes-app",
    "variant": "v1_b",
    "message": "Missing/invalid key. Grab a free key to keep responses consistent.",
    "cta": {
      "label": "Get started",
      "url": "https://app.reqres.in/api-keys"
    },
    "context": "invalid_key"
  }
}
2026-07-09 12:21:13 [INFO] API Execution Completed.
2026-07-09 12:21:13 [INFO] ==============================================
2026-07-09 12:21:13 [INFO] ==============================================
2026-07-09 12:21:13 [INFO] Worker PID : 33789
2026-07-09 12:21:13 [INFO] Scenario   : Delete an existing user with different authentication
2026-07-09 12:21:13 [INFO] ==============================================
2026-07-09 12:21:13 [INFO] ==============================================
2026-07-09 12:21:13 [INFO] HTTP Method : DELETE
2026-07-09 12:21:13 [INFO] Request URL : https://reqres.in/api/users/2
2026-07-09 12:21:13 [INFO] Request Headers :
{
  "x-api-key": "123456789"
}
2026-07-09 12:21:13 [INFO] Request Headers :
{
  "x-api-key": "123456789"
}
2026-07-09 12:21:13 [WARN] Response Body : No JSON response returned.
2026-07-09 12:21:13 [INFO] Response Status : 403
2026-07-09 12:21:13 [INFO] API Execution Completed.
2026-07-09 12:21:13 [INFO] ==============================================
2026-07-09 12:21:13 [INFO] Response Body :
{
  "error": "invalid_api_key",
  "message": "This API key is not recognized or has been revoked.",
  "hint": "Check that your API key is correct and not expired.",
  "next_steps": [
    "Verify the key in your dashboard at app.reqres.in/api-keys",
    "Regenerate the key if needed",
    "Ensure you're using the correct key type (manage/public)"
  ],
  "docs_url": "https://app.reqres.in/docs#api-keys",
  "_meta": {
    "powered_by": "ReqRes",
    "docs_url": "https://app.reqres.in/documentation",
    "upgrade_url": "https://app.reqres.in/upgrade",
    "example_url": "https://app.reqres.in/examples/notes-app",
    "variant": "v1_b",
    "message": "Missing/invalid key. Grab a free key to keep responses consistent.",
    "cta": {
      "label": "Get started",
      "url": "https://app.reqres.in/api-keys"
    },
    "context": "invalid_key"
  }
}
2026-07-09 12:21:13 [INFO] API Execution Completed.
2026-07-09 12:21:13 [INFO] ==============================================
2026-07-09 12:21:13 [INFO] Response Status : 401
2026-07-09 12:21:13 [INFO] Response Body :
{
  "error": "missing_api_key",
  "message": "The x-api-key header is required for this endpoint.",
  "hint": "Create a free key at app.reqres.in and send it as x-api-key.",
  "next_steps": [
    "Go to app.reqres.in/api-keys to get your key",
    "Add header: x-api-key: <your_key>",
    "For app user endpoints, use Authorization: Bearer <session_token> instead"
  ],
  "docs_url": "https://app.reqres.in/docs#authentication",
  "example_curl": "curl -H \"x-api-key: YOUR_API_KEY\" https://api.reqres.in/api/collections",
  "_meta": {
    "powered_by": "ReqRes",
    "docs_url": "https://app.reqres.in/documentation",
    "upgrade_url": "https://app.reqres.in/upgrade",
    "example_url": "https://app.reqres.in/examples/notes-app",
    "variant": "v1_b",
    "message": "Missing/invalid key. Grab a free key to keep responses consistent.",
    "cta": {
      "label": "Get started",
      "url": "https://app.reqres.in/api-keys"
    },
    "context": "invalid_key"
  }
}
2026-07-09 12:21:13 [INFO] API Execution Completed.
2026-07-09 12:21:13 [INFO] ==============================================
2026-07-09 12:21:13 [INFO] Response Status : 403
2026-07-09 12:21:13 [INFO] Response Body :
{
  "error": "invalid_api_key",
  "message": "This API key is not recognized or has been revoked.",
  "hint": "Check that your API key is correct and not expired.",
  "next_steps": [
    "Verify the key in your dashboard at app.reqres.in/api-keys",
    "Regenerate the key if needed",
    "Ensure you're using the correct key type (manage/public)"
  ],
  "docs_url": "https://app.reqres.in/docs#api-keys",
  "_meta": {
    "powered_by": "ReqRes",
    "docs_url": "https://app.reqres.in/documentation",
    "upgrade_url": "https://app.reqres.in/upgrade",
    "example_url": "https://app.reqres.in/examples/notes-app",
    "variant": "v1_b",
    "message": "Missing/invalid key. Grab a free key to keep responses consistent.",
    "cta": {
      "label": "Get started",
      "url": "https://app.reqres.in/api-keys"
    },
    "context": "invalid_key"
  }
}
2026-07-09 12:21:13 [INFO] API Execution Completed.
2026-07-09 12:21:13 [INFO] ==============================================
